Consumption (kWh), Start, End
0.166000, 2025-03-28T00:00:00+00:00, 2025-03-28T00:30:00+00:00
2.841000, 2025-03-28T00:30:00+00:00, 2025-03-28T01:00:00+00:00
2.861000, 2025-03-28T01:00:00+00:00, 2025-03-28T01:30:00+00:00
2.896000, 2025-03-28T01:30:00+00:00, 2025-03-28T02:00:00+00:00
2.918000, 2025-03-28T02:00:00+00:00, 2025-03-28T02:30:00+00:00
2.505000, 2025-03-28T02:30:00+00:00, 2025-03-28T03:00:00+00:00
1.470000, 2025-03-28T03:00:00+00:00, 2025-03-28T03:30:00+00:00
1.179000, 2025-03-28T03:30:00+00:00, 2025-03-28T04:00:00+00:00
1.040000, 2025-03-28T04:00:00+00:00, 2025-03-28T04:30:00+00:00
0.984000, 2025-03-28T04:30:00+00:00, 2025-03-28T05:00:00+00:00
0.254000, 2025-03-28T05:00:00+00:00, 2025-03-28T05:30:00+00:00
0.015000, 2025-03-28T05:30:00+00:00, 2025-03-28T06:00:00+00:00
0.007000, 2025-03-28T06:00:00+00:00, 2025-03-28T06:30:00+00:00
0.009000, 2025-03-28T06:30:00+00:00, 2025-03-28T07:00:00+00:00
0.054000, 2025-03-28T07:00:00+00:00, 2025-03-28T07:30:00+00:00
0.021000, 2025-03-28T07:30:00+00:00, 2025-03-28T08:00:00+00:00
0.009000, 2025-03-28T08:00:00+00:00, 2025-03-28T08:30:00+00:00
0.009000, 2025-03-28T08:30:00+00:00, 2025-03-28T09:00:00+00:00
0.019000, 2025-03-28T09:00:00+00:00, 2025-03-28T09:30:00+00:00
0.010000, 2025-03-28T09:30:00+00:00, 2025-03-28T10:00:00+00:00
0.008000, 2025-03-28T10:00:00+00:00, 2025-03-28T10:30:00+00:00
0.009000, 2025-03-28T10:30:00+00:00, 2025-03-28T11:00:00+00:00
0.009000, 2025-03-28T11:00:00+00:00, 2025-03-28T11:30:00+00:00
0.018000, 2025-03-28T11:30:00+00:00, 2025-03-28T12:00:00+00:00
0.011000, 2025-03-28T12:00:00+00:00, 2025-03-28T12:30:00+00:00
0.010000, 2025-03-28T12:30:00+00:00, 2025-03-28T13:00:00+00:00
0.008000, 2025-03-28T13:00:00+00:00, 2025-03-28T13:30:00+00:00
0.007000, 2025-03-28T13:30:00+00:00, 2025-03-28T14:00:00+00:00
0.008000, 2025-03-28T14:00:00+00:00, 2025-03-28T14:30:00+00:00
0.008000, 2025-03-28T14:30:00+00:00, 2025-03-28T15:00:00+00:00
0.008000, 2025-03-28T15:00:00+00:00, 2025-03-28T15:30:00+00:00
0.009000, 2025-03-28T15:30:00+00:00, 2025-03-28T16:00:00+00:00
0.035000, 2025-03-28T16:00:00+00:00, 2025-03-28T16:30:00+00:00
0.009000, 2025-03-28T16:30:00+00:00, 2025-03-28T17:00:00+00:00
0.007000, 2025-03-28T17:00:00+00:00, 2025-03-28T17:30:00+00:00
0.007000, 2025-03-28T17:30:00+00:00, 2025-03-28T18:00:00+00:00
0.007000, 2025-03-28T18:00:00+00:00, 2025-03-28T18:30:00+00:00
0.007000, 2025-03-28T18:30:00+00:00, 2025-03-28T19:00:00+00:00
0.010000, 2025-03-28T19:00:00+00:00, 2025-03-28T19:30:00+00:00
0.010000, 2025-03-28T19:30:00+00:00, 2025-03-28T20:00:00+00:00
0.010000, 2025-03-28T20:00:00+00:00, 2025-03-28T20:30:00+00:00
0.009000, 2025-03-28T20:30:00+00:00, 2025-03-28T21:00:00+00:00
0.253000, 2025-03-28T21:00:00+00:00, 2025-03-28T21:30:00+00:00
0.243000, 2025-03-28T21:30:00+00:00, 2025-03-28T22:00:00+00:00
0.233000, 2025-03-28T22:00:00+00:00, 2025-03-28T22:30:00+00:00
0.147000, 2025-03-28T22:30:00+00:00, 2025-03-28T23:00:00+00:00
0.143000, 2025-03-28T23:00:00+00:00, 2025-03-28T23:30:00+00:00
0.186000, 2025-03-28T23:30:00+00:00, 2025-03-29T00:00:00+00:00
0.173000, 2025-03-29T00:00:00+00:00, 2025-03-29T00:30:00+00:00
0.988000, 2025-03-29T00:30:00+00:00, 2025-03-29T01:00:00+00:00
0.990000, 2025-03-29T01:00:00+00:00, 2025-03-29T01:30:00+00:00
1.029000, 2025-03-29T01:30:00+00:00, 2025-03-29T02:00:00+00:00
1.036000, 2025-03-29T02:00:00+00:00, 2025-03-29T02:30:00+00:00
0.993000, 2025-03-29T02:30:00+00:00, 2025-03-29T03:00:00+00:00
0.994000, 2025-03-29T03:00:00+00:00, 2025-03-29T03:30:00+00:00
1.012000, 2025-03-29T03:30:00+00:00, 2025-03-29T04:00:00+00:00
1.045000, 2025-03-29T04:00:00+00:00, 2025-03-29T04:30:00+00:00
0.992000, 2025-03-29T04:30:00+00:00, 2025-03-29T05:00:00+00:00
0.240000, 2025-03-29T05:00:00+00:00, 2025-03-29T05:30:00+00:00
0.007000, 2025-03-29T05:30:00+00:00, 2025-03-29T06:00:00+00:00
0.053000, 2025-03-29T06:00:00+00:00, 2025-03-29T06:30:00+00:00
0.044000, 2025-03-29T06:30:00+00:00, 2025-03-29T07:00:00+00:00
0.081000, 2025-03-29T07:00:00+00:00, 2025-03-29T07:30:00+00:00
0.021000, 2025-03-29T07:30:00+00:00, 2025-03-29T08:00:00+00:00
0.015000, 2025-03-29T08:00:00+00:00, 2025-03-29T08:30:00+00:00
0.009000, 2025-03-29T08:30:00+00:00, 2025-03-29T09:00:00+00:00
0.008000, 2025-03-29T09:00:00+00:00, 2025-03-29T09:30:00+00:00
0.008000, 2025-03-29T09:30:00+00:00, 2025-03-29T10:00:00+00:00
0.012000, 2025-03-29T10:00:00+00:00, 2025-03-29T10:30:00+00:00
0.009000, 2025-03-29T10:30:00+00:00, 2025-03-29T11:00:00+00:00
0.009000, 2025-03-29T11:00:00+00:00, 2025-03-29T11:30:00+00:00
0.008000, 2025-03-29T11:30:00+00:00, 2025-03-29T12:00:00+00:00
0.009000, 2025-03-29T12:00:00+00:00, 2025-03-29T12:30:00+00:00
0.012000, 2025-03-29T12:30:00+00:00, 2025-03-29T13:00:00+00:00
0.009000, 2025-03-29T13:00:00+00:00, 2025-03-29T13:30:00+00:00
0.009000, 2025-03-29T13:30:00+00:00, 2025-03-29T14:00:00+00:00
0.009000, 2025-03-29T14:00:00+00:00, 2025-03-29T14:30:00+00:00
0.009000, 2025-03-29T14:30:00+00:00, 2025-03-29T15:00:00+00:00
0.017000, 2025-03-29T15:00:00+00:00, 2025-03-29T15:30:00+00:00
0.012000, 2025-03-29T15:30:00+00:00, 2025-03-29T16:00:00+00:00
0.008000, 2025-03-29T16:00:00+00:00, 2025-03-29T16:30:00+00:00
0.009000, 2025-03-29T16:30:00+00:00, 2025-03-29T17:00:00+00:00
0.008000, 2025-03-29T17:00:00+00:00, 2025-03-29T17:30:00+00:00
0.009000, 2025-03-29T17:30:00+00:00, 2025-03-29T18:00:00+00:00
0.007000, 2025-03-29T18:00:00+00:00, 2025-03-29T18:30:00+00:00
0.006000, 2025-03-29T18:30:00+00:00, 2025-03-29T19:00:00+00:00
0.008000, 2025-03-29T19:00:00+00:00, 2025-03-29T19:30:00+00:00
0.008000, 2025-03-29T19:30:00+00:00, 2025-03-29T20:00:00+00:00
0.199000, 2025-03-29T20:00:00+00:00, 2025-03-29T20:30:00+00:00
0.201000, 2025-03-29T20:30:00+00:00, 2025-03-29T21:00:00+00:00
0.260000, 2025-03-29T21:00:00+00:00, 2025-03-29T21:30:00+00:00
0.173000, 2025-03-29T21:30:00+00:00, 2025-03-29T22:00:00+00:00
0.130000, 2025-03-29T22:00:00+00:00, 2025-03-29T22:30:00+00:00
0.169000, 2025-03-29T22:30:00+00:00, 2025-03-29T23:00:00+00:00
0.129000, 2025-03-29T23:00:00+00:00, 2025-03-29T23:30:00+00:00
0.121000, 2025-03-29T23:30:00+00:00, 2025-03-30T00:00:00+00:00
0.147000, 2025-03-30T00:00:00+00:00, 2025-03-30T00:30:00+00:00
2.875000, 2025-03-30T00:30:00+00:00, 2025-03-30T02:00:00+01:00
2.897000, 2025-03-30T02:00:00+01:00, 2025-03-30T02:30:00+01:00
2.887000, 2025-03-30T02:30:00+01:00, 2025-03-30T03:00:00+01:00
2.905000, 2025-03-30T03:00:00+01:00, 2025-03-30T03:30:00+01:00
2.750000, 2025-03-30T03:30:00+01:00, 2025-03-30T04:00:00+01:00
1.599000, 2025-03-30T04:00:00+01:00, 2025-03-30T04:30:00+01:00
1.225000, 2025-03-30T04:30:00+01:00, 2025-03-30T05:00:00+01:00
1.068000, 2025-03-30T05:00:00+01:00, 2025-03-30T05:30:00+01:00
0.013000, 2025-03-30T05:30:00+01:00, 2025-03-30T06:00:00+01:00
0.007000, 2025-03-30T06:00:00+01:00, 2025-03-30T06:30:00+01:00
0.007000, 2025-03-30T06:30:00+01:00, 2025-03-30T07:00:00+01:00
0.007000, 2025-03-30T07:00:00+01:00, 2025-03-30T07:30:00+01:00
0.008000, 2025-03-30T07:30:00+01:00, 2025-03-30T08:00:00+01:00
0.033000, 2025-03-30T08:00:00+01:00, 2025-03-30T08:30:00+01:00
0.009000, 2025-03-30T08:30:00+01:00, 2025-03-30T09:00:00+01:00
0.021000, 2025-03-30T09:00:00+01:00, 2025-03-30T09:30:00+01:00
0.011000, 2025-03-30T09:30:00+01:00, 2025-03-30T10:00:00+01:00
0.008000, 2025-03-30T10:00:00+01:00, 2025-03-30T10:30:00+01:00
0.008000, 2025-03-30T10:30:00+01:00, 2025-03-30T11:00:00+01:00
0.007000, 2025-03-30T11:00:00+01:00, 2025-03-30T11:30:00+01:00
0.008000, 2025-03-30T11:30:00+01:00, 2025-03-30T12:00:00+01:00
0.015000, 2025-03-30T12:00:00+01:00, 2025-03-30T12:30:00+01:00
0.008000, 2025-03-30T12:30:00+01:00, 2025-03-30T13:00:00+01:00
0.007000, 2025-03-30T13:00:00+01:00, 2025-03-30T13:30:00+01:00
0.008000, 2025-03-30T13:30:00+01:00, 2025-03-30T14:00:00+01:00
0.008000, 2025-03-30T14:00:00+01:00, 2025-03-30T14:30:00+01:00
0.017000, 2025-03-30T14:30:00+01:00, 2025-03-30T15:00:00+01:00
0.009000, 2025-03-30T15:00:00+01:00, 2025-03-30T15:30:00+01:00
0.010000, 2025-03-30T15:30:00+01:00, 2025-03-30T16:00:00+01:00
0.029000, 2025-03-30T16:00:00+01:00, 2025-03-30T16:30:00+01:00
0.043000, 2025-03-30T16:30:00+01:00, 2025-03-30T17:00:00+01:00
0.009000, 2025-03-30T17:00:00+01:00, 2025-03-30T17:30:00+01:00
0.008000, 2025-03-30T17:30:00+01:00, 2025-03-30T18:00:00+01:00
0.007000, 2025-03-30T18:00:00+01:00, 2025-03-30T18:30:00+01:00
0.007000, 2025-03-30T18:30:00+01:00, 2025-03-30T19:00:00+01:00
0.009000, 2025-03-30T19:00:00+01:00, 2025-03-30T19:30:00+01:00
0.008000, 2025-03-30T19:30:00+01:00, 2025-03-30T20:00:00+01:00
0.007000, 2025-03-30T20:00:00+01:00, 2025-03-30T20:30:00+01:00
0.007000, 2025-03-30T20:30:00+01:00, 2025-03-30T21:00:00+01:00
0.009000, 2025-03-30T21:00:00+01:00, 2025-03-30T21:30:00+01:00
0.006000, 2025-03-30T21:30:00+01:00, 2025-03-30T22:00:00+01:00
0.073000, 2025-03-30T22:00:00+01:00, 2025-03-30T22:30:00+01:00
0.124000, 2025-03-30T22:30:00+01:00, 2025-03-30T23:00:00+01:00
0.146000, 2025-03-30T23:00:00+01:00, 2025-03-30T23:30:00+01:00
0.175000, 2025-03-30T23:30:00+01:00, 2025-03-31T00:00:00+01:00
0.140000, 2025-03-31T00:00:00+01:00, 2025-03-31T00:30:00+01:00
2.829000, 2025-03-31T00:30:00+01:00, 2025-03-31T01:00:00+01:00
2.844000, 2025-03-31T01:00:00+01:00, 2025-03-31T01:30:00+01:00
2.882000, 2025-03-31T01:30:00+01:00, 2025-03-31T02:00:00+01:00
2.799000, 2025-03-31T02:00:00+01:00, 2025-03-31T02:30:00+01:00
1.573000, 2025-03-31T02:30:00+01:00, 2025-03-31T03:00:00+01:00
1.101000, 2025-03-31T03:00:00+01:00, 2025-03-31T03:30:00+01:00
0.990000, 2025-03-31T03:30:00+01:00, 2025-03-31T04:00:00+01:00
1.020000, 2025-03-31T04:00:00+01:00, 2025-03-31T04:30:00+01:00
0.971000, 2025-03-31T04:30:00+01:00, 2025-03-31T05:00:00+01:00
0.169000, 2025-03-31T05:00:00+01:00, 2025-03-31T05:30:00+01:00
0.021000, 2025-03-31T05:30:00+01:00, 2025-03-31T06:00:00+01:00
0.016000, 2025-03-31T06:00:00+01:00, 2025-03-31T06:30:00+01:00
0.003000, 2025-03-31T06:30:00+01:00, 2025-03-31T07:00:00+01:00
0.006000, 2025-03-31T07:00:00+01:00, 2025-03-31T07:30:00+01:00
0.012000, 2025-03-31T07:30:00+01:00, 2025-03-31T08:00:00+01:00
0.008000, 2025-03-31T08:00:00+01:00, 2025-03-31T08:30:00+01:00
0.008000, 2025-03-31T08:30:00+01:00, 2025-03-31T09:00:00+01:00
0.007000, 2025-03-31T09:00:00+01:00, 2025-03-31T09:30:00+01:00
0.008000, 2025-03-31T09:30:00+01:00, 2025-03-31T10:00:00+01:00
0.013000, 2025-03-31T10:00:00+01:00, 2025-03-31T10:30:00+01:00
0.008000, 2025-03-31T10:30:00+01:00, 2025-03-31T11:00:00+01:00
0.010000, 2025-03-31T11:00:00+01:00, 2025-03-31T11:30:00+01:00
0.009000, 2025-03-31T11:30:00+01:00, 2025-03-31T12:00:00+01:00
0.008000, 2025-03-31T12:00:00+01:00, 2025-03-31T12:30:00+01:00
0.009000, 2025-03-31T12:30:00+01:00, 2025-03-31T13:00:00+01:00
0.010000, 2025-03-31T13:00:00+01:00, 2025-03-31T13:30:00+01:00
0.008000, 2025-03-31T13:30:00+01:00, 2025-03-31T14:00:00+01:00
0.008000, 2025-03-31T14:00:00+01:00, 2025-03-31T14:30:00+01:00
0.015000, 2025-03-31T14:30:00+01:00, 2025-03-31T15:00:00+01:00
0.008000, 2025-03-31T15:00:00+01:00, 2025-03-31T15:30:00+01:00
0.084000, 2025-03-31T15:30:00+01:00, 2025-03-31T16:00:00+01:00
0.011000, 2025-03-31T16:00:00+01:00, 2025-03-31T16:30:00+01:00
0.036000, 2025-03-31T16:30:00+01:00, 2025-03-31T17:00:00+01:00
0.021000, 2025-03-31T17:00:00+01:00, 2025-03-31T17:30:00+01:00
0.009000, 2025-03-31T17:30:00+01:00, 2025-03-31T18:00:00+01:00
0.007000, 2025-03-31T18:00:00+01:00, 2025-03-31T18:30:00+01:00
0.007000, 2025-03-31T18:30:00+01:00, 2025-03-31T19:00:00+01:00
0.008000, 2025-03-31T19:00:00+01:00, 2025-03-31T19:30:00+01:00
0.330000, 2025-03-31T19:30:00+01:00, 2025-03-31T20:00:00+01:00
0.419000, 2025-03-31T20:00:00+01:00, 2025-03-31T20:30:00+01:00
0.320000, 2025-03-31T20:30:00+01:00, 2025-03-31T21:00:00+01:00
0.313000, 2025-03-31T21:00:00+01:00, 2025-03-31T21:30:00+01:00
0.207000, 2025-03-31T21:30:00+01:00, 2025-03-31T22:00:00+01:00
0.124000, 2025-03-31T22:00:00+01:00, 2025-03-31T22:30:00+01:00
0.136000, 2025-03-31T22:30:00+01:00, 2025-03-31T23:00:00+01:00
0.166000, 2025-03-31T23:00:00+01:00, 2025-03-31T23:30:00+01:00
0.127000, 2025-03-31T23:30:00+01:00, 2025-04-01T00:00:00+01:00
0.124000, 2025-04-01T00:00:00+01:00, 2025-04-01T00:30:00+01:00
2.862000, 2025-04-01T00:30:00+01:00, 2025-04-01T01:00:00+01:00
2.896000, 2025-04-01T01:00:00+01:00, 2025-04-01T01:30:00+01:00
2.865000, 2025-04-01T01:30:00+01:00, 2025-04-01T02:00:00+01:00
2.862000, 2025-04-01T02:00:00+01:00, 2025-04-01T02:30:00+01:00
2.876000, 2025-04-01T02:30:00+01:00, 2025-04-01T03:00:00+01:00
2.920000, 2025-04-01T03:00:00+01:00, 2025-04-01T03:30:00+01:00
2.904000, 2025-04-01T03:30:00+01:00, 2025-04-01T04:00:00+01:00
2.878000, 2025-04-01T04:00:00+01:00, 2025-04-01T04:30:00+01:00
1.791000, 2025-04-01T04:30:00+01:00, 2025-04-01T05:00:00+01:00
0.662000, 2025-04-01T05:00:00+01:00, 2025-04-01T05:30:00+01:00
0.039000, 2025-04-01T05:30:00+01:00, 2025-04-01T06:00:00+01:00
0.008000, 2025-04-01T06:00:00+01:00, 2025-04-01T06:30:00+01:00
0.008000, 2025-04-01T06:30:00+01:00, 2025-04-01T07:00:00+01:00
0.009000, 2025-04-01T07:00:00+01:00, 2025-04-01T07:30:00+01:00
0.008000, 2025-04-01T07:30:00+01:00, 2025-04-01T08:00:00+01:00
0.007000, 2025-04-01T08:00:00+01:00, 2025-04-01T08:30:00+01:00
0.014000, 2025-04-01T08:30:00+01:00, 2025-04-01T09:00:00+01:00
0.008000, 2025-04-01T09:00:00+01:00, 2025-04-01T09:30:00+01:00
0.008000, 2025-04-01T09:30:00+01:00, 2025-04-01T10:00:00+01:00
0.008000, 2025-04-01T10:00:00+01:00, 2025-04-01T10:30:00+01:00
0.007000, 2025-04-01T10:30:00+01:00, 2025-04-01T11:00:00+01:00
0.010000, 2025-04-01T11:00:00+01:00, 2025-04-01T11:30:00+01:00
0.007000, 2025-04-01T11:30:00+01:00, 2025-04-01T12:00:00+01:00
0.008000, 2025-04-01T12:00:00+01:00, 2025-04-01T12:30:00+01:00
0.010000, 2025-04-01T12:30:00+01:00, 2025-04-01T13:00:00+01:00
0.007000, 2025-04-01T13:00:00+01:00, 2025-04-01T13:30:00+01:00
0.010000, 2025-04-01T13:30:00+01:00, 2025-04-01T14:00:00+01:00
0.013000, 2025-04-01T14:00:00+01:00, 2025-04-01T14:30:00+01:00
0.008000, 2025-04-01T14:30:00+01:00, 2025-04-01T15:00:00+01:00
0.009000, 2025-04-01T15:00:00+01:00, 2025-04-01T15:30:00+01:00
0.010000, 2025-04-01T15:30:00+01:00, 2025-04-01T16:00:00+01:00
0.009000, 2025-04-01T16:00:00+01:00, 2025-04-01T16:30:00+01:00
0.010000, 2025-04-01T16:30:00+01:00, 2025-04-01T17:00:00+01:00
0.024000, 2025-04-01T17:00:00+01:00, 2025-04-01T17:30:00+01:00
0.009000, 2025-04-01T17:30:00+01:00, 2025-04-01T18:00:00+01:00
0.018000, 2025-04-01T18:00:00+01:00, 2025-04-01T18:30:00+01:00
0.008000, 2025-04-01T18:30:00+01:00, 2025-04-01T19:00:00+01:00
0.010000, 2025-04-01T19:00:00+01:00, 2025-04-01T19:30:00+01:00
0.008000, 2025-04-01T19:30:00+01:00, 2025-04-01T20:00:00+01:00
0.008000, 2025-04-01T20:00:00+01:00, 2025-04-01T20:30:00+01:00
0.008000, 2025-04-01T20:30:00+01:00, 2025-04-01T21:00:00+01:00
0.007000, 2025-04-01T21:00:00+01:00, 2025-04-01T21:30:00+01:00
0.007000, 2025-04-01T21:30:00+01:00, 2025-04-01T22:00:00+01:00
0.008000, 2025-04-01T22:00:00+01:00, 2025-04-01T22:30:00+01:00
0.006000, 2025-04-01T22:30:00+01:00, 2025-04-01T23:00:00+01:00
0.007000, 2025-04-01T23:00:00+01:00, 2025-04-01T23:30:00+01:00
0.007000, 2025-04-01T23:30:00+01:00, 2025-04-02T00:00:00+01:00
0.007000, 2025-04-02T00:00:00+01:00, 2025-04-02T00:30:00+01:00
2.900000, 2025-04-02T00:30:00+01:00, 2025-04-02T01:00:00+01:00
2.907000, 2025-04-02T01:00:00+01:00, 2025-04-02T01:30:00+01:00
2.871000, 2025-04-02T01:30:00+01:00, 2025-04-02T02:00:00+01:00
2.881000, 2025-04-02T02:00:00+01:00, 2025-04-02T02:30:00+01:00
2.904000, 2025-04-02T02:30:00+01:00, 2025-04-02T03:00:00+01:00
2.941000, 2025-04-02T03:00:00+01:00, 2025-04-02T03:30:00+01:00
2.927000, 2025-04-02T03:30:00+01:00, 2025-04-02T04:00:00+01:00
2.902000, 2025-04-02T04:00:00+01:00, 2025-04-02T04:30:00+01:00
1.597000, 2025-04-02T04:30:00+01:00, 2025-04-02T05:00:00+01:00
0.481000, 2025-04-02T05:00:00+01:00, 2025-04-02T05:30:00+01:00
0.022000, 2025-04-02T05:30:00+01:00, 2025-04-02T06:00:00+01:00
0.007000, 2025-04-02T06:00:00+01:00, 2025-04-02T06:30:00+01:00
0.008000, 2025-04-02T06:30:00+01:00, 2025-04-02T07:00:00+01:00
0.022000, 2025-04-02T07:00:00+01:00, 2025-04-02T07:30:00+01:00
0.005000, 2025-04-02T07:30:00+01:00, 2025-04-02T08:00:00+01:00
0.009000, 2025-04-02T08:00:00+01:00, 2025-04-02T08:30:00+01:00
0.009000, 2025-04-02T08:30:00+01:00, 2025-04-02T09:00:00+01:00
0.008000, 2025-04-02T09:00:00+01:00, 2025-04-02T09:30:00+01:00
0.046000, 2025-04-02T09:30:00+01:00, 2025-04-02T10:00:00+01:00
0.008000, 2025-04-02T10:00:00+01:00, 2025-04-02T10:30:00+01:00
0.009000, 2025-04-02T10:30:00+01:00, 2025-04-02T11:00:00+01:00
0.009000, 2025-04-02T11:00:00+01:00, 2025-04-02T11:30:00+01:00
0.018000, 2025-04-02T11:30:00+01:00, 2025-04-02T12:00:00+01:00
0.009000, 2025-04-02T12:00:00+01:00, 2025-04-02T12:30:00+01:00
0.008000, 2025-04-02T12:30:00+01:00, 2025-04-02T13:00:00+01:00
0.020000, 2025-04-02T13:00:00+01:00, 2025-04-02T13:30:00+01:00
0.010000, 2025-04-02T13:30:00+01:00, 2025-04-02T14:00:00+01:00
0.010000, 2025-04-02T14:00:00+01:00, 2025-04-02T14:30:00+01:00
0.009000, 2025-04-02T14:30:00+01:00, 2025-04-02T15:00:00+01:00
0.009000, 2025-04-02T15:00:00+01:00, 2025-04-02T15:30:00+01:00
0.011000, 2025-04-02T15:30:00+01:00, 2025-04-02T16:00:00+01:00
0.022000, 2025-04-02T16:00:00+01:00, 2025-04-02T16:30:00+01:00
0.444000, 2025-04-02T16:30:00+01:00, 2025-04-02T17:00:00+01:00
0.270000, 2025-04-02T17:00:00+01:00, 2025-04-02T17:30:00+01:00
0.267000, 2025-04-02T17:30:00+01:00, 2025-04-02T18:00:00+01:00
0.229000, 2025-04-02T18:00:00+01:00, 2025-04-02T18:30:00+01:00
0.196000, 2025-04-02T18:30:00+01:00, 2025-04-02T19:00:00+01:00
0.320000, 2025-04-02T19:00:00+01:00, 2025-04-02T19:30:00+01:00
0.379000, 2025-04-02T19:30:00+01:00, 2025-04-02T20:00:00+01:00
0.369000, 2025-04-02T20:00:00+01:00, 2025-04-02T20:30:00+01:00
0.241000, 2025-04-02T20:30:00+01:00, 2025-04-02T21:00:00+01:00
0.196000, 2025-04-02T21:00:00+01:00, 2025-04-02T21:30:00+01:00
0.175000, 2025-04-02T21:30:00+01:00, 2025-04-02T22:00:00+01:00
0.133000, 2025-04-02T22:00:00+01:00, 2025-04-02T22:30:00+01:00
0.117000, 2025-04-02T22:30:00+01:00, 2025-04-02T23:00:00+01:00
0.157000, 2025-04-02T23:00:00+01:00, 2025-04-02T23:30:00+01:00
0.151000, 2025-04-02T23:30:00+01:00, 2025-04-03T00:00:00+01:00
0.118000, 2025-04-03T00:00:00+01:00, 2025-04-03T00:30:00+01:00
0.970000, 2025-04-03T00:30:00+01:00, 2025-04-03T01:00:00+01:00
1.014000, 2025-04-03T01:00:00+01:00, 2025-04-03T01:30:00+01:00
1.000000, 2025-04-03T01:30:00+01:00, 2025-04-03T02:00:00+01:00
0.974000, 2025-04-03T02:00:00+01:00, 2025-04-03T02:30:00+01:00
0.977000, 2025-04-03T02:30:00+01:00, 2025-04-03T03:00:00+01:00
1.010000, 2025-04-03T03:00:00+01:00, 2025-04-03T03:30:00+01:00
1.011000, 2025-04-03T03:30:00+01:00, 2025-04-03T04:00:00+01:00
0.974000, 2025-04-03T04:00:00+01:00, 2025-04-03T04:30:00+01:00
0.898000, 2025-04-03T04:30:00+01:00, 2025-04-03T05:00:00+01:00
0.356000, 2025-04-03T05:00:00+01:00, 2025-04-03T05:30:00+01:00
0.026000, 2025-04-03T05:30:00+01:00, 2025-04-03T06:00:00+01:00
0.007000, 2025-04-03T06:00:00+01:00, 2025-04-03T06:30:00+01:00
0.007000, 2025-04-03T06:30:00+01:00, 2025-04-03T07:00:00+01:00
0.014000, 2025-04-03T07:00:00+01:00, 2025-04-03T07:30:00+01:00
0.008000, 2025-04-03T07:30:00+01:00, 2025-04-03T08:00:00+01:00
0.008000, 2025-04-03T08:00:00+01:00, 2025-04-03T08:30:00+01:00
0.008000, 2025-04-03T08:30:00+01:00, 2025-04-03T09:00:00+01:00
0.018000, 2025-04-03T09:00:00+01:00, 2025-04-03T09:30:00+01:00
0.008000, 2025-04-03T09:30:00+01:00, 2025-04-03T10:00:00+01:00
0.012000, 2025-04-03T10:00:00+01:00, 2025-04-03T10:30:00+01:00
0.010000, 2025-04-03T10:30:00+01:00, 2025-04-03T11:00:00+01:00
0.007000, 2025-04-03T11:00:00+01:00, 2025-04-03T11:30:00+01:00
0.009000, 2025-04-03T11:30:00+01:00, 2025-04-03T12:00:00+01:00
0.010000, 2025-04-03T12:00:00+01:00, 2025-04-03T12:30:00+01:00
0.009000, 2025-04-03T12:30:00+01:00, 2025-04-03T13:00:00+01:00
0.009000, 2025-04-03T13:00:00+01:00, 2025-04-03T13:30:00+01:00
0.010000, 2025-04-03T13:30:00+01:00, 2025-04-03T14:00:00+01:00
0.009000, 2025-04-03T14:00:00+01:00, 2025-04-03T14:30:00+01:00
0.007000, 2025-04-03T14:30:00+01:00, 2025-04-03T15:00:00+01:00
0.009000, 2025-04-03T15:00:00+01:00, 2025-04-03T15:30:00+01:00
0.011000, 2025-04-03T15:30:00+01:00, 2025-04-03T16:00:00+01:00
0.009000, 2025-04-03T16:00:00+01:00, 2025-04-03T16:30:00+01:00
0.009000, 2025-04-03T16:30:00+01:00, 2025-04-03T17:00:00+01:00
0.015000, 2025-04-03T17:00:00+01:00, 2025-04-03T17:30:00+01:00
0.009000, 2025-04-03T17:30:00+01:00, 2025-04-03T18:00:00+01:00
0.007000, 2025-04-03T18:00:00+01:00, 2025-04-03T18:30:00+01:00
0.007000, 2025-04-03T18:30:00+01:00, 2025-04-03T19:00:00+01:00
0.008000, 2025-04-03T19:00:00+01:00, 2025-04-03T19:30:00+01:00
0.009000, 2025-04-03T19:30:00+01:00, 2025-04-03T20:00:00+01:00
0.009000, 2025-04-03T20:00:00+01:00, 2025-04-03T20:30:00+01:00
0.008000, 2025-04-03T20:30:00+01:00, 2025-04-03T21:00:00+01:00
0.009000, 2025-04-03T21:00:00+01:00, 2025-04-03T21:30:00+01:00
0.008000, 2025-04-03T21:30:00+01:00, 2025-04-03T22:00:00+01:00
0.007000, 2025-04-03T22:00:00+01:00, 2025-04-03T22:30:00+01:00
0.007000, 2025-04-03T22:30:00+01:00, 2025-04-03T23:00:00+01:00
0.007000, 2025-04-03T23:00:00+01:00, 2025-04-03T23:30:00+01:00
0.007000, 2025-04-03T23:30:00+01:00, 2025-04-04T00:00:00+01:00
0.008000, 2025-04-04T00:00:00+01:00, 2025-04-04T00:30:00+01:00
2.929000, 2025-04-04T00:30:00+01:00, 2025-04-04T01:00:00+01:00
2.882000, 2025-04-04T01:00:00+01:00, 2025-04-04T01:30:00+01:00
2.862000, 2025-04-04T01:30:00+01:00, 2025-04-04T02:00:00+01:00
2.891000, 2025-04-04T02:00:00+01:00, 2025-04-04T02:30:00+01:00
2.911000, 2025-04-04T02:30:00+01:00, 2025-04-04T03:00:00+01:00
2.880000, 2025-04-04T03:00:00+01:00, 2025-04-04T03:30:00+01:00
2.551000, 2025-04-04T03:30:00+01:00, 2025-04-04T04:00:00+01:00
2.051000, 2025-04-04T04:00:00+01:00, 2025-04-04T04:30:00+01:00
2.042000, 2025-04-04T04:30:00+01:00, 2025-04-04T05:00:00+01:00
1.104000, 2025-04-04T05:00:00+01:00, 2025-04-04T05:30:00+01:00
0.008000, 2025-04-04T05:30:00+01:00, 2025-04-04T06:00:00+01:00
0.007000, 2025-04-04T06:00:00+01:00, 2025-04-04T06:30:00+01:00
0.019000, 2025-04-04T06:30:00+01:00, 2025-04-04T07:00:00+01:00
0.018000, 2025-04-04T07:00:00+01:00, 2025-04-04T07:30:00+01:00
0.010000, 2025-04-04T07:30:00+01:00, 2025-04-04T08:00:00+01:00
0.023000, 2025-04-04T08:00:00+01:00, 2025-04-04T08:30:00+01:00
0.021000, 2025-04-04T08:30:00+01:00, 2025-04-04T09:00:00+01:00
0.010000, 2025-04-04T09:00:00+01:00, 2025-04-04T09:30:00+01:00
0.009000, 2025-04-04T09:30:00+01:00, 2025-04-04T10:00:00+01:00
0.017000, 2025-04-04T10:00:00+01:00, 2025-04-04T10:30:00+01:00
0.021000, 2025-04-04T10:30:00+01:00, 2025-04-04T11:00:00+01:00
0.010000, 2025-04-04T11:00:00+01:00, 2025-04-04T11:30:00+01:00
0.009000, 2025-04-04T11:30:00+01:00, 2025-04-04T12:00:00+01:00
0.010000, 2025-04-04T12:00:00+01:00, 2025-04-04T12:30:00+01:00
0.009000, 2025-04-04T12:30:00+01:00, 2025-04-04T13:00:00+01:00
0.019000, 2025-04-04T13:00:00+01:00, 2025-04-04T13:30:00+01:00
0.009000, 2025-04-04T13:30:00+01:00, 2025-04-04T14:00:00+01:00
0.012000, 2025-04-04T14:00:00+01:00, 2025-04-04T14:30:00+01:00
0.010000, 2025-04-04T14:30:00+01:00, 2025-04-04T15:00:00+01:00
0.008000, 2025-04-04T15:00:00+01:00, 2025-04-04T15:30:00+01:00
0.019000, 2025-04-04T15:30:00+01:00, 2025-04-04T16:00:00+01:00
0.011000, 2025-04-04T16:00:00+01:00, 2025-04-04T16:30:00+01:00
0.019000, 2025-04-04T16:30:00+01:00, 2025-04-04T17:00:00+01:00
0.009000, 2025-04-04T17:00:00+01:00, 2025-04-04T17:30:00+01:00
0.008000, 2025-04-04T17:30:00+01:00, 2025-04-04T18:00:00+01:00
0.008000, 2025-04-04T18:00:00+01:00, 2025-04-04T18:30:00+01:00
0.160000, 2025-04-04T18:30:00+01:00, 2025-04-04T19:00:00+01:00
0.208000, 2025-04-04T19:00:00+01:00, 2025-04-04T19:30:00+01:00
0.405000, 2025-04-04T19:30:00+01:00, 2025-04-04T20:00:00+01:00
0.341000, 2025-04-04T20:00:00+01:00, 2025-04-04T20:30:00+01:00
0.252000, 2025-04-04T20:30:00+01:00, 2025-04-04T21:00:00+01:00
0.219000, 2025-04-04T21:00:00+01:00, 2025-04-04T21:30:00+01:00
0.296000, 2025-04-04T21:30:00+01:00, 2025-04-04T22:00:00+01:00
0.149000, 2025-04-04T22:00:00+01:00, 2025-04-04T22:30:00+01:00
0.157000, 2025-04-04T22:30:00+01:00, 2025-04-04T23:00:00+01:00
0.131000, 2025-04-04T23:00:00+01:00, 2025-04-04T23:30:00+01:00
0.118000, 2025-04-04T23:30:00+01:00, 2025-04-05T00:00:00+01:00
0.131000, 2025-04-05T00:00:00+01:00, 2025-04-05T00:30:00+01:00
0.998000, 2025-04-05T00:30:00+01:00, 2025-04-05T01:00:00+01:00
0.965000, 2025-04-05T01:00:00+01:00, 2025-04-05T01:30:00+01:00
0.966000, 2025-04-05T01:30:00+01:00, 2025-04-05T02:00:00+01:00
0.997000, 2025-04-05T02:00:00+01:00, 2025-04-05T02:30:00+01:00
0.994000, 2025-04-05T02:30:00+01:00, 2025-04-05T03:00:00+01:00
0.968000, 2025-04-05T03:00:00+01:00, 2025-04-05T03:30:00+01:00
0.971000, 2025-04-05T03:30:00+01:00, 2025-04-05T04:00:00+01:00
1.012000, 2025-04-05T04:00:00+01:00, 2025-04-05T04:30:00+01:00
0.891000, 2025-04-05T04:30:00+01:00, 2025-04-05T05:00:00+01:00
0.325000, 2025-04-05T05:00:00+01:00, 2025-04-05T05:30:00+01:00
0.009000, 2025-04-05T05:30:00+01:00, 2025-04-05T06:00:00+01:00
0.007000, 2025-04-05T06:00:00+01:00, 2025-04-05T06:30:00+01:00
0.007000, 2025-04-05T06:30:00+01:00, 2025-04-05T07:00:00+01:00
0.008000, 2025-04-05T07:00:00+01:00, 2025-04-05T07:30:00+01:00
0.042000, 2025-04-05T07:30:00+01:00, 2025-04-05T08:00:00+01:00
0.015000, 2025-04-05T08:00:00+01:00, 2025-04-05T08:30:00+01:00
0.009000, 2025-04-05T08:30:00+01:00, 2025-04-05T09:00:00+01:00
0.017000, 2025-04-05T09:00:00+01:00, 2025-04-05T09:30:00+01:00
0.008000, 2025-04-05T09:30:00+01:00, 2025-04-05T10:00:00+01:00
0.008000, 2025-04-05T10:00:00+01:00, 2025-04-05T10:30:00+01:00
0.008000, 2025-04-05T10:30:00+01:00, 2025-04-05T11:00:00+01:00
0.007000, 2025-04-05T11:00:00+01:00, 2025-04-05T11:30:00+01:00
0.007000, 2025-04-05T11:30:00+01:00, 2025-04-05T12:00:00+01:00
0.007000, 2025-04-05T12:00:00+01:00, 2025-04-05T12:30:00+01:00
0.008000, 2025-04-05T12:30:00+01:00, 2025-04-05T13:00:00+01:00
0.007000, 2025-04-05T13:00:00+01:00, 2025-04-05T13:30:00+01:00
0.021000, 2025-04-05T13:30:00+01:00, 2025-04-05T14:00:00+01:00
0.009000, 2025-04-05T14:00:00+01:00, 2025-04-05T14:30:00+01:00
0.020000, 2025-04-05T14:30:00+01:00, 2025-04-05T15:00:00+01:00
0.010000, 2025-04-05T15:00:00+01:00, 2025-04-05T15:30:00+01:00
0.009000, 2025-04-05T15:30:00+01:00, 2025-04-05T16:00:00+01:00
0.009000, 2025-04-05T16:00:00+01:00, 2025-04-05T16:30:00+01:00
0.008000, 2025-04-05T16:30:00+01:00, 2025-04-05T17:00:00+01:00
0.009000, 2025-04-05T17:00:00+01:00, 2025-04-05T17:30:00+01:00
0.010000, 2025-04-05T17:30:00+01:00, 2025-04-05T18:00:00+01:00
0.007000, 2025-04-05T18:00:00+01:00, 2025-04-05T18:30:00+01:00
0.006000, 2025-04-05T18:30:00+01:00, 2025-04-05T19:00:00+01:00
0.009000, 2025-04-05T19:00:00+01:00, 2025-04-05T19:30:00+01:00
0.004000, 2025-04-05T19:30:00+01:00, 2025-04-05T20:00:00+01:00
0.003000, 2025-04-05T20:00:00+01:00, 2025-04-05T20:30:00+01:00
0.005000, 2025-04-05T20:30:00+01:00, 2025-04-05T21:00:00+01:00
0.008000, 2025-04-05T21:00:00+01:00, 2025-04-05T21:30:00+01:00
0.008000, 2025-04-05T21:30:00+01:00, 2025-04-05T22:00:00+01:00
0.009000, 2025-04-05T22:00:00+01:00, 2025-04-05T22:30:00+01:00
0.007000, 2025-04-05T22:30:00+01:00, 2025-04-05T23:00:00+01:00
0.006000, 2025-04-05T23:00:00+01:00, 2025-04-05T23:30:00+01:00
0.007000, 2025-04-05T23:30:00+01:00, 2025-04-06T00:00:00+01:00
0.007000, 2025-04-06T00:00:00+01:00, 2025-04-06T00:30:00+01:00
2.856000, 2025-04-06T00:30:00+01:00, 2025-04-06T01:00:00+01:00
2.890000, 2025-04-06T01:00:00+01:00, 2025-04-06T01:30:00+01:00
2.850000, 2025-04-06T01:30:00+01:00, 2025-04-06T02:00:00+01:00
2.819000, 2025-04-06T02:00:00+01:00, 2025-04-06T02:30:00+01:00
2.840000, 2025-04-06T02:30:00+01:00, 2025-04-06T03:00:00+01:00
2.876000, 2025-04-06T03:00:00+01:00, 2025-04-06T03:30:00+01:00
2.848000, 2025-04-06T03:30:00+01:00, 2025-04-06T04:00:00+01:00
2.838000, 2025-04-06T04:00:00+01:00, 2025-04-06T04:30:00+01:00
2.247000, 2025-04-06T04:30:00+01:00, 2025-04-06T05:00:00+01:00
0.646000, 2025-04-06T05:00:00+01:00, 2025-04-06T05:30:00+01:00
0.008000, 2025-04-06T05:30:00+01:00, 2025-04-06T06:00:00+01:00
0.007000, 2025-04-06T06:00:00+01:00, 2025-04-06T06:30:00+01:00
0.008000, 2025-04-06T06:30:00+01:00, 2025-04-06T07:00:00+01:00
0.038000, 2025-04-06T07:00:00+01:00, 2025-04-06T07:30:00+01:00
0.023000, 2025-04-06T07:30:00+01:00, 2025-04-06T08:00:00+01:00
0.009000, 2025-04-06T08:00:00+01:00, 2025-04-06T08:30:00+01:00
0.053000, 2025-04-06T08:30:00+01:00, 2025-04-06T09:00:00+01:00
0.023000, 2025-04-06T09:00:00+01:00, 2025-04-06T09:30:00+01:00
0.008000, 2025-04-06T09:30:00+01:00, 2025-04-06T10:00:00+01:00
0.008000, 2025-04-06T10:00:00+01:00, 2025-04-06T10:30:00+01:00
0.007000, 2025-04-06T10:30:00+01:00, 2025-04-06T11:00:00+01:00
0.008000, 2025-04-06T11:00:00+01:00, 2025-04-06T11:30:00+01:00
0.019000, 2025-04-06T11:30:00+01:00, 2025-04-06T12:00:00+01:00
0.009000, 2025-04-06T12:00:00+01:00, 2025-04-06T12:30:00+01:00
0.011000, 2025-04-06T12:30:00+01:00, 2025-04-06T13:00:00+01:00
0.010000, 2025-04-06T13:00:00+01:00, 2025-04-06T13:30:00+01:00
0.007000, 2025-04-06T13:30:00+01:00, 2025-04-06T14:00:00+01:00
0.009000, 2025-04-06T14:00:00+01:00, 2025-04-06T14:30:00+01:00
0.084000, 2025-04-06T14:30:00+01:00, 2025-04-06T15:00:00+01:00
0.009000, 2025-04-06T15:00:00+01:00, 2025-04-06T15:30:00+01:00
0.081000, 2025-04-06T15:30:00+01:00, 2025-04-06T16:00:00+01:00
0.009000, 2025-04-06T16:00:00+01:00, 2025-04-06T16:30:00+01:00
0.007000, 2025-04-06T16:30:00+01:00, 2025-04-06T17:00:00+01:00
0.010000, 2025-04-06T17:00:00+01:00, 2025-04-06T17:30:00+01:00
0.008000, 2025-04-06T17:30:00+01:00, 2025-04-06T18:00:00+01:00
0.008000, 2025-04-06T18:00:00+01:00, 2025-04-06T18:30:00+01:00
0.009000, 2025-04-06T18:30:00+01:00, 2025-04-06T19:00:00+01:00
0.009000, 2025-04-06T19:00:00+01:00, 2025-04-06T19:30:00+01:00
0.020000, 2025-04-06T19:30:00+01:00, 2025-04-06T20:00:00+01:00
0.009000, 2025-04-06T20:00:00+01:00, 2025-04-06T20:30:00+01:00
0.231000, 2025-04-06T20:30:00+01:00, 2025-04-06T21:00:00+01:00
0.190000, 2025-04-06T21:00:00+01:00, 2025-04-06T21:30:00+01:00
0.187000, 2025-04-06T21:30:00+01:00, 2025-04-06T22:00:00+01:00
0.182000, 2025-04-06T22:00:00+01:00, 2025-04-06T22:30:00+01:00
0.148000, 2025-04-06T22:30:00+01:00, 2025-04-06T23:00:00+01:00
0.122000, 2025-04-06T23:00:00+01:00, 2025-04-06T23:30:00+01:00
0.127000, 2025-04-06T23:30:00+01:00, 2025-04-07T00:00:00+01:00
0.158000, 2025-04-07T00:00:00+01:00, 2025-04-07T00:30:00+01:00
2.905000, 2025-04-07T00:30:00+01:00, 2025-04-07T01:00:00+01:00
2.886000, 2025-04-07T01:00:00+01:00, 2025-04-07T01:30:00+01:00
2.877000, 2025-04-07T01:30:00+01:00, 2025-04-07T02:00:00+01:00
2.749000, 2025-04-07T02:00:00+01:00, 2025-04-07T02:30:00+01:00
1.495000, 2025-04-07T02:30:00+01:00, 2025-04-07T03:00:00+01:00
1.154000, 2025-04-07T03:00:00+01:00, 2025-04-07T03:30:00+01:00
0.980000, 2025-04-07T03:30:00+01:00, 2025-04-07T04:00:00+01:00
0.984000, 2025-04-07T04:00:00+01:00, 2025-04-07T04:30:00+01:00
1.003000, 2025-04-07T04:30:00+01:00, 2025-04-07T05:00:00+01:00
0.264000, 2025-04-07T05:00:00+01:00, 2025-04-07T05:30:00+01:00
0.024000, 2025-04-07T05:30:00+01:00, 2025-04-07T06:00:00+01:00
0.012000, 2025-04-07T06:00:00+01:00, 2025-04-07T06:30:00+01:00
0.008000, 2025-04-07T06:30:00+01:00, 2025-04-07T07:00:00+01:00
0.007000, 2025-04-07T07:00:00+01:00, 2025-04-07T07:30:00+01:00
0.009000, 2025-04-07T07:30:00+01:00, 2025-04-07T08:00:00+01:00
0.007000, 2025-04-07T08:00:00+01:00, 2025-04-07T08:30:00+01:00
0.007000, 2025-04-07T08:30:00+01:00, 2025-04-07T09:00:00+01:00
0.008000, 2025-04-07T09:00:00+01:00, 2025-04-07T09:30:00+01:00
0.008000, 2025-04-07T09:30:00+01:00, 2025-04-07T10:00:00+01:00
0.010000, 2025-04-07T10:00:00+01:00, 2025-04-07T10:30:00+01:00
0.010000, 2025-04-07T10:30:00+01:00, 2025-04-07T11:00:00+01:00
0.009000, 2025-04-07T11:00:00+01:00, 2025-04-07T11:30:00+01:00
0.009000, 2025-04-07T11:30:00+01:00, 2025-04-07T12:00:00+01:00
0.007000, 2025-04-07T12:00:00+01:00, 2025-04-07T12:30:00+01:00
0.008000, 2025-04-07T12:30:00+01:00, 2025-04-07T13:00:00+01:00
0.009000, 2025-04-07T13:00:00+01:00, 2025-04-07T13:30:00+01:00
0.009000, 2025-04-07T13:30:00+01:00, 2025-04-07T14:00:00+01:00
0.014000, 2025-04-07T14:00:00+01:00, 2025-04-07T14:30:00+01:00
0.009000, 2025-04-07T14:30:00+01:00, 2025-04-07T15:00:00+01:00
0.013000, 2025-04-07T15:00:00+01:00, 2025-04-07T15:30:00+01:00
0.017000, 2025-04-07T15:30:00+01:00, 2025-04-07T16:00:00+01:00
0.024000, 2025-04-07T16:00:00+01:00, 2025-04-07T16:30:00+01:00
0.023000, 2025-04-07T16:30:00+01:00, 2025-04-07T17:00:00+01:00
0.021000, 2025-04-07T17:00:00+01:00, 2025-04-07T17:30:00+01:00
0.011000, 2025-04-07T17:30:00+01:00, 2025-04-07T18:00:00+01:00
0.011000, 2025-04-07T18:00:00+01:00, 2025-04-07T18:30:00+01:00
0.010000, 2025-04-07T18:30:00+01:00, 2025-04-07T19:00:00+01:00
0.009000, 2025-04-07T19:00:00+01:00, 2025-04-07T19:30:00+01:00
0.022000, 2025-04-07T19:30:00+01:00, 2025-04-07T20:00:00+01:00
0.080000, 2025-04-07T20:00:00+01:00, 2025-04-07T20:30:00+01:00
0.294000, 2025-04-07T20:30:00+01:00, 2025-04-07T21:00:00+01:00
0.178000, 2025-04-07T21:00:00+01:00, 2025-04-07T21:30:00+01:00
0.199000, 2025-04-07T21:30:00+01:00, 2025-04-07T22:00:00+01:00
0.248000, 2025-04-07T22:00:00+01:00, 2025-04-07T22:30:00+01:00
0.203000, 2025-04-07T22:30:00+01:00, 2025-04-07T23:00:00+01:00
0.131000, 2025-04-07T23:00:00+01:00, 2025-04-07T23:30:00+01:00
0.148000, 2025-04-07T23:30:00+01:00, 2025-04-08T00:00:00+01:00
0.169000, 2025-04-08T00:00:00+01:00, 2025-04-08T00:30:00+01:00
2.877000, 2025-04-08T00:30:00+01:00, 2025-04-08T01:00:00+01:00
2.865000, 2025-04-08T01:00:00+01:00, 2025-04-08T01:30:00+01:00
2.897000, 2025-04-08T01:30:00+01:00, 2025-04-08T02:00:00+01:00
2.922000, 2025-04-08T02:00:00+01:00, 2025-04-08T02:30:00+01:00
2.885000, 2025-04-08T02:30:00+01:00, 2025-04-08T03:00:00+01:00
2.883000, 2025-04-08T03:00:00+01:00, 2025-04-08T03:30:00+01:00
2.897000, 2025-04-08T03:30:00+01:00, 2025-04-08T04:00:00+01:00
2.934000, 2025-04-08T04:00:00+01:00, 2025-04-08T04:30:00+01:00
2.283000, 2025-04-08T04:30:00+01:00, 2025-04-08T05:00:00+01:00
0.618000, 2025-04-08T05:00:00+01:00, 2025-04-08T05:30:00+01:00
0.022000, 2025-04-08T05:30:00+01:00, 2025-04-08T06:00:00+01:00
0.010000, 2025-04-08T06:00:00+01:00, 2025-04-08T06:30:00+01:00
0.007000, 2025-04-08T06:30:00+01:00, 2025-04-08T07:00:00+01:00
0.017000, 2025-04-08T07:00:00+01:00, 2025-04-08T07:30:00+01:00
0.007000, 2025-04-08T07:30:00+01:00, 2025-04-08T08:00:00+01:00
0.009000, 2025-04-08T08:00:00+01:00, 2025-04-08T08:30:00+01:00
0.007000, 2025-04-08T08:30:00+01:00, 2025-04-08T09:00:00+01:00
0.007000, 2025-04-08T09:00:00+01:00, 2025-04-08T09:30:00+01:00
0.009000, 2025-04-08T09:30:00+01:00, 2025-04-08T10:00:00+01:00
0.010000, 2025-04-08T10:00:00+01:00, 2025-04-08T10:30:00+01:00
0.010000, 2025-04-08T10:30:00+01:00, 2025-04-08T11:00:00+01:00
0.009000, 2025-04-08T11:00:00+01:00, 2025-04-08T11:30:00+01:00
0.010000, 2025-04-08T11:30:00+01:00, 2025-04-08T12:00:00+01:00
0.010000, 2025-04-08T12:00:00+01:00, 2025-04-08T12:30:00+01:00
0.011000, 2025-04-08T12:30:00+01:00, 2025-04-08T13:00:00+01:00
0.010000, 2025-04-08T13:00:00+01:00, 2025-04-08T13:30:00+01:00
0.009000, 2025-04-08T13:30:00+01:00, 2025-04-08T14:00:00+01:00
0.007000, 2025-04-08T14:00:00+01:00, 2025-04-08T14:30:00+01:00
0.009000, 2025-04-08T14:30:00+01:00, 2025-04-08T15:00:00+01:00
0.011000, 2025-04-08T15:00:00+01:00, 2025-04-08T15:30:00+01:00
0.011000, 2025-04-08T15:30:00+01:00, 2025-04-08T16:00:00+01:00
0.009000, 2025-04-08T16:00:00+01:00, 2025-04-08T16:30:00+01:00
0.008000, 2025-04-08T16:30:00+01:00, 2025-04-08T17:00:00+01:00
0.031000, 2025-04-08T17:00:00+01:00, 2025-04-08T17:30:00+01:00
0.009000, 2025-04-08T17:30:00+01:00, 2025-04-08T18:00:00+01:00
0.009000, 2025-04-08T18:00:00+01:00, 2025-04-08T18:30:00+01:00
0.020000, 2025-04-08T18:30:00+01:00, 2025-04-08T19:00:00+01:00
0.430000, 2025-04-08T19:00:00+01:00, 2025-04-08T19:30:00+01:00
0.415000, 2025-04-08T19:30:00+01:00, 2025-04-08T20:00:00+01:00
0.279000, 2025-04-08T20:00:00+01:00, 2025-04-08T20:30:00+01:00
0.395000, 2025-04-08T20:30:00+01:00, 2025-04-08T21:00:00+01:00
0.546000, 2025-04-08T21:00:00+01:00, 2025-04-08T21:30:00+01:00
0.264000, 2025-04-08T21:30:00+01:00, 2025-04-08T22:00:00+01:00
0.246000, 2025-04-08T22:00:00+01:00, 2025-04-08T22:30:00+01:00
0.201000, 2025-04-08T22:30:00+01:00, 2025-04-08T23:00:00+01:00
0.197000, 2025-04-08T23:00:00+01:00, 2025-04-08T23:30:00+01:00
0.158000, 2025-04-08T23:30:00+01:00, 2025-04-09T00:00:00+01:00
0.158000, 2025-04-09T00:00:00+01:00, 2025-04-09T00:30:00+01:00
2.921000, 2025-04-09T00:30:00+01:00, 2025-04-09T01:00:00+01:00
2.946000, 2025-04-09T01:00:00+01:00, 2025-04-09T01:30:00+01:00
2.898000, 2025-04-09T01:30:00+01:00, 2025-04-09T02:00:00+01:00
2.899000, 2025-04-09T02:00:00+01:00, 2025-04-09T02:30:00+01:00
2.913000, 2025-04-09T02:30:00+01:00, 2025-04-09T03:00:00+01:00
2.957000, 2025-04-09T03:00:00+01:00, 2025-04-09T03:30:00+01:00
2.958000, 2025-04-09T03:30:00+01:00, 2025-04-09T04:00:00+01:00
2.926000, 2025-04-09T04:00:00+01:00, 2025-04-09T04:30:00+01:00
2.243000, 2025-04-09T04:30:00+01:00, 2025-04-09T05:00:00+01:00
0.644000, 2025-04-09T05:00:00+01:00, 2025-04-09T05:30:00+01:00
0.027000, 2025-04-09T05:30:00+01:00, 2025-04-09T06:00:00+01:00
0.010000, 2025-04-09T06:00:00+01:00, 2025-04-09T06:30:00+01:00
0.008000, 2025-04-09T06:30:00+01:00, 2025-04-09T07:00:00+01:00
0.015000, 2025-04-09T07:00:00+01:00, 2025-04-09T07:30:00+01:00
0.009000, 2025-04-09T07:30:00+01:00, 2025-04-09T08:00:00+01:00
0.009000, 2025-04-09T08:00:00+01:00, 2025-04-09T08:30:00+01:00
0.010000, 2025-04-09T08:30:00+01:00, 2025-04-09T09:00:00+01:00
0.009000, 2025-04-09T09:00:00+01:00, 2025-04-09T09:30:00+01:00
0.009000, 2025-04-09T09:30:00+01:00, 2025-04-09T10:00:00+01:00
0.012000, 2025-04-09T10:00:00+01:00, 2025-04-09T10:30:00+01:00
0.009000, 2025-04-09T10:30:00+01:00, 2025-04-09T11:00:00+01:00
0.009000, 2025-04-09T11:00:00+01:00, 2025-04-09T11:30:00+01:00
0.013000, 2025-04-09T11:30:00+01:00, 2025-04-09T12:00:00+01:00
0.013000, 2025-04-09T12:00:00+01:00, 2025-04-09T12:30:00+01:00
0.008000, 2025-04-09T12:30:00+01:00, 2025-04-09T13:00:00+01:00
0.008000, 2025-04-09T13:00:00+01:00, 2025-04-09T13:30:00+01:00
0.008000, 2025-04-09T13:30:00+01:00, 2025-04-09T14:00:00+01:00
0.009000, 2025-04-09T14:00:00+01:00, 2025-04-09T14:30:00+01:00
0.016000, 2025-04-09T14:30:00+01:00, 2025-04-09T15:00:00+01:00
0.009000, 2025-04-09T15:00:00+01:00, 2025-04-09T15:30:00+01:00
0.011000, 2025-04-09T15:30:00+01:00, 2025-04-09T16:00:00+01:00
0.047000, 2025-04-09T16:00:00+01:00, 2025-04-09T16:30:00+01:00
0.040000, 2025-04-09T16:30:00+01:00, 2025-04-09T17:00:00+01:00
0.023000, 2025-04-09T17:00:00+01:00, 2025-04-09T17:30:00+01:00
0.008000, 2025-04-09T17:30:00+01:00, 2025-04-09T18:00:00+01:00
0.012000, 2025-04-09T18:00:00+01:00, 2025-04-09T18:30:00+01:00
0.006000, 2025-04-09T18:30:00+01:00, 2025-04-09T19:00:00+01:00
0.011000, 2025-04-09T19:00:00+01:00, 2025-04-09T19:30:00+01:00
0.009000, 2025-04-09T19:30:00+01:00, 2025-04-09T20:00:00+01:00
0.009000, 2025-04-09T20:00:00+01:00, 2025-04-09T20:30:00+01:00
0.012000, 2025-04-09T20:30:00+01:00, 2025-04-09T21:00:00+01:00
0.008000, 2025-04-09T21:00:00+01:00, 2025-04-09T21:30:00+01:00
0.053000, 2025-04-09T21:30:00+01:00, 2025-04-09T22:00:00+01:00
0.160000, 2025-04-09T22:00:00+01:00, 2025-04-09T22:30:00+01:00
0.155000, 2025-04-09T22:30:00+01:00, 2025-04-09T23:00:00+01:00
0.122000, 2025-04-09T23:00:00+01:00, 2025-04-09T23:30:00+01:00
0.123000, 2025-04-09T23:30:00+01:00, 2025-04-10T00:00:00+01:00
0.164000, 2025-04-10T00:00:00+01:00, 2025-04-10T00:30:00+01:00
2.914000, 2025-04-10T00:30:00+01:00, 2025-04-10T01:00:00+01:00
2.887000, 2025-04-10T01:00:00+01:00, 2025-04-10T01:30:00+01:00
2.882000, 2025-04-10T01:30:00+01:00, 2025-04-10T02:00:00+01:00
2.900000, 2025-04-10T02:00:00+01:00, 2025-04-10T02:30:00+01:00
2.917000, 2025-04-10T02:30:00+01:00, 2025-04-10T03:00:00+01:00
2.889000, 2025-04-10T03:00:00+01:00, 2025-04-10T03:30:00+01:00
2.873000, 2025-04-10T03:30:00+01:00, 2025-04-10T04:00:00+01:00
2.595000, 2025-04-10T04:00:00+01:00, 2025-04-10T04:30:00+01:00
1.551000, 2025-04-10T04:30:00+01:00, 2025-04-10T05:00:00+01:00
0.373000, 2025-04-10T05:00:00+01:00, 2025-04-10T05:30:00+01:00
0.017000, 2025-04-10T05:30:00+01:00, 2025-04-10T06:00:00+01:00
0.007000, 2025-04-10T06:00:00+01:00, 2025-04-10T06:30:00+01:00
0.008000, 2025-04-10T06:30:00+01:00, 2025-04-10T07:00:00+01:00
0.016000, 2025-04-10T07:00:00+01:00, 2025-04-10T07:30:00+01:00
0.008000, 2025-04-10T07:30:00+01:00, 2025-04-10T08:00:00+01:00
0.009000, 2025-04-10T08:00:00+01:00, 2025-04-10T08:30:00+01:00
0.009000, 2025-04-10T08:30:00+01:00, 2025-04-10T09:00:00+01:00
0.011000, 2025-04-10T09:00:00+01:00, 2025-04-10T09:30:00+01:00
0.008000, 2025-04-10T09:30:00+01:00, 2025-04-10T10:00:00+01:00
0.008000, 2025-04-10T10:00:00+01:00, 2025-04-10T10:30:00+01:00
0.012000, 2025-04-10T10:30:00+01:00, 2025-04-10T11:00:00+01:00
0.009000, 2025-04-10T11:00:00+01:00, 2025-04-10T11:30:00+01:00
0.009000, 2025-04-10T11:30:00+01:00, 2025-04-10T12:00:00+01:00
0.010000, 2025-04-10T12:00:00+01:00, 2025-04-10T12:30:00+01:00
0.010000, 2025-04-10T12:30:00+01:00, 2025-04-10T13:00:00+01:00
0.009000, 2025-04-10T13:00:00+01:00, 2025-04-10T13:30:00+01:00
0.008000, 2025-04-10T13:30:00+01:00, 2025-04-10T14:00:00+01:00
0.009000, 2025-04-10T14:00:00+01:00, 2025-04-10T14:30:00+01:00
0.009000, 2025-04-10T14:30:00+01:00, 2025-04-10T15:00:00+01:00
0.008000, 2025-04-10T15:00:00+01:00, 2025-04-10T15:30:00+01:00
0.022000, 2025-04-10T15:30:00+01:00, 2025-04-10T16:00:00+01:00
0.009000, 2025-04-10T16:00:00+01:00, 2025-04-10T16:30:00+01:00
0.007000, 2025-04-10T16:30:00+01:00, 2025-04-10T17:00:00+01:00
0.008000, 2025-04-10T17:00:00+01:00, 2025-04-10T17:30:00+01:00
0.007000, 2025-04-10T17:30:00+01:00, 2025-04-10T18:00:00+01:00
0.011000, 2025-04-10T18:00:00+01:00, 2025-04-10T18:30:00+01:00
0.008000, 2025-04-10T18:30:00+01:00, 2025-04-10T19:00:00+01:00
0.009000, 2025-04-10T19:00:00+01:00, 2025-04-10T19:30:00+01:00
0.008000, 2025-04-10T19:30:00+01:00, 2025-04-10T20:00:00+01:00
0.007000, 2025-04-10T20:00:00+01:00, 2025-04-10T20:30:00+01:00
0.016000, 2025-04-10T20:30:00+01:00, 2025-04-10T21:00:00+01:00
0.007000, 2025-04-10T21:00:00+01:00, 2025-04-10T21:30:00+01:00
0.007000, 2025-04-10T21:30:00+01:00, 2025-04-10T22:00:00+01:00
0.008000, 2025-04-10T22:00:00+01:00, 2025-04-10T22:30:00+01:00
0.007000, 2025-04-10T22:30:00+01:00, 2025-04-10T23:00:00+01:00
0.007000, 2025-04-10T23:00:00+01:00, 2025-04-10T23:30:00+01:00
0.006000, 2025-04-10T23:30:00+01:00, 2025-04-11T00:00:00+01:00
0.007000, 2025-04-11T00:00:00+01:00, 2025-04-11T00:30:00+01:00
2.855000, 2025-04-11T00:30:00+01:00, 2025-04-11T01:00:00+01:00
2.870000, 2025-04-11T01:00:00+01:00, 2025-04-11T01:30:00+01:00
2.873000, 2025-04-11T01:30:00+01:00, 2025-04-11T02:00:00+01:00
2.847000, 2025-04-11T02:00:00+01:00, 2025-04-11T02:30:00+01:00
2.855000, 2025-04-11T02:30:00+01:00, 2025-04-11T03:00:00+01:00
2.864000, 2025-04-11T03:00:00+01:00, 2025-04-11T03:30:00+01:00
2.889000, 2025-04-11T03:30:00+01:00, 2025-04-11T04:00:00+01:00
2.870000, 2025-04-11T04:00:00+01:00, 2025-04-11T04:30:00+01:00
1.840000, 2025-04-11T04:30:00+01:00, 2025-04-11T05:00:00+01:00
0.516000, 2025-04-11T05:00:00+01:00, 2025-04-11T05:30:00+01:00
0.009000, 2025-04-11T05:30:00+01:00, 2025-04-11T06:00:00+01:00
0.006000, 2025-04-11T06:00:00+01:00, 2025-04-11T06:30:00+01:00
0.015000, 2025-04-11T06:30:00+01:00, 2025-04-11T07:00:00+01:00
0.031000, 2025-04-11T07:00:00+01:00, 2025-04-11T07:30:00+01:00
0.009000, 2025-04-11T07:30:00+01:00, 2025-04-11T08:00:00+01:00
0.008000, 2025-04-11T08:00:00+01:00, 2025-04-11T08:30:00+01:00
0.019000, 2025-04-11T08:30:00+01:00, 2025-04-11T09:00:00+01:00
0.009000, 2025-04-11T09:00:00+01:00, 2025-04-11T09:30:00+01:00
0.009000, 2025-04-11T09:30:00+01:00, 2025-04-11T10:00:00+01:00
0.014000, 2025-04-11T10:00:00+01:00, 2025-04-11T10:30:00+01:00
0.008000, 2025-04-11T10:30:00+01:00, 2025-04-11T11:00:00+01:00
0.009000, 2025-04-11T11:00:00+01:00, 2025-04-11T11:30:00+01:00
0.008000, 2025-04-11T11:30:00+01:00, 2025-04-11T12:00:00+01:00
0.009000, 2025-04-11T12:00:00+01:00, 2025-04-11T12:30:00+01:00
0.008000, 2025-04-11T12:30:00+01:00, 2025-04-11T13:00:00+01:00
0.006000, 2025-04-11T13:00:00+01:00, 2025-04-11T13:30:00+01:00
0.008000, 2025-04-11T13:30:00+01:00, 2025-04-11T14:00:00+01:00
0.020000, 2025-04-11T14:00:00+01:00, 2025-04-11T14:30:00+01:00
0.008000, 2025-04-11T14:30:00+01:00, 2025-04-11T15:00:00+01:00
0.009000, 2025-04-11T15:00:00+01:00, 2025-04-11T15:30:00+01:00
0.009000, 2025-04-11T15:30:00+01:00, 2025-04-11T16:00:00+01:00
0.023000, 2025-04-11T16:00:00+01:00, 2025-04-11T16:30:00+01:00
0.014000, 2025-04-11T16:30:00+01:00, 2025-04-11T17:00:00+01:00
0.007000, 2025-04-11T17:00:00+01:00, 2025-04-11T17:30:00+01:00
0.007000, 2025-04-11T17:30:00+01:00, 2025-04-11T18:00:00+01:00
0.007000, 2025-04-11T18:00:00+01:00, 2025-04-11T18:30:00+01:00
0.007000, 2025-04-11T18:30:00+01:00, 2025-04-11T19:00:00+01:00
0.012000, 2025-04-11T19:00:00+01:00, 2025-04-11T19:30:00+01:00
0.007000, 2025-04-11T19:30:00+01:00, 2025-04-11T20:00:00+01:00
0.008000, 2025-04-11T20:00:00+01:00, 2025-04-11T20:30:00+01:00
0.012000, 2025-04-11T20:30:00+01:00, 2025-04-11T21:00:00+01:00
0.008000, 2025-04-11T21:00:00+01:00, 2025-04-11T21:30:00+01:00
0.007000, 2025-04-11T21:30:00+01:00, 2025-04-11T22:00:00+01:00
0.007000, 2025-04-11T22:00:00+01:00, 2025-04-11T22:30:00+01:00
0.007000, 2025-04-11T22:30:00+01:00, 2025-04-11T23:00:00+01:00
0.006000, 2025-04-11T23:00:00+01:00, 2025-04-11T23:30:00+01:00
0.007000, 2025-04-11T23:30:00+01:00, 2025-04-12T00:00:00+01:00
0.008000, 2025-04-12T00:00:00+01:00, 2025-04-12T00:30:00+01:00
1.022000, 2025-04-12T00:30:00+01:00, 2025-04-12T01:00:00+01:00
0.976000, 2025-04-12T01:00:00+01:00, 2025-04-12T01:30:00+01:00
0.972000, 2025-04-12T01:30:00+01:00, 2025-04-12T02:00:00+01:00
0.999000, 2025-04-12T02:00:00+01:00, 2025-04-12T02:30:00+01:00
1.009000, 2025-04-12T02:30:00+01:00, 2025-04-12T03:00:00+01:00
0.972000, 2025-04-12T03:00:00+01:00, 2025-04-12T03:30:00+01:00
0.968000, 2025-04-12T03:30:00+01:00, 2025-04-12T04:00:00+01:00
0.510000, 2025-04-12T04:00:00+01:00, 2025-04-12T04:30:00+01:00
0.136000, 2025-04-12T04:30:00+01:00, 2025-04-12T05:00:00+01:00
0.109000, 2025-04-12T05:00:00+01:00, 2025-04-12T05:30:00+01:00
0.007000, 2025-04-12T05:30:00+01:00, 2025-04-12T06:00:00+01:00
0.007000, 2025-04-12T06:00:00+01:00, 2025-04-12T06:30:00+01:00
0.007000, 2025-04-12T06:30:00+01:00, 2025-04-12T07:00:00+01:00
0.033000, 2025-04-12T07:00:00+01:00, 2025-04-12T07:30:00+01:00
0.019000, 2025-04-12T07:30:00+01:00, 2025-04-12T08:00:00+01:00
0.008000, 2025-04-12T08:00:00+01:00, 2025-04-12T08:30:00+01:00
0.017000, 2025-04-12T08:30:00+01:00, 2025-04-12T09:00:00+01:00
0.007000, 2025-04-12T09:00:00+01:00, 2025-04-12T09:30:00+01:00
0.019000, 2025-04-12T09:30:00+01:00, 2025-04-12T10:00:00+01:00
0.008000, 2025-04-12T10:00:00+01:00, 2025-04-12T10:30:00+01:00
0.008000, 2025-04-12T10:30:00+01:00, 2025-04-12T11:00:00+01:00
0.008000, 2025-04-12T11:00:00+01:00, 2025-04-12T11:30:00+01:00
0.006000, 2025-04-12T11:30:00+01:00, 2025-04-12T12:00:00+01:00
0.007000, 2025-04-12T12:00:00+01:00, 2025-04-12T12:30:00+01:00
0.007000, 2025-04-12T12:30:00+01:00, 2025-04-12T13:00:00+01:00
0.007000, 2025-04-12T13:00:00+01:00, 2025-04-12T13:30:00+01:00
0.008000, 2025-04-12T13:30:00+01:00, 2025-04-12T14:00:00+01:00
0.016000, 2025-04-12T14:00:00+01:00, 2025-04-12T14:30:00+01:00
0.010000, 2025-04-12T14:30:00+01:00, 2025-04-12T15:00:00+01:00
0.017000, 2025-04-12T15:00:00+01:00, 2025-04-12T15:30:00+01:00
0.020000, 2025-04-12T15:30:00+01:00, 2025-04-12T16:00:00+01:00
0.010000, 2025-04-12T16:00:00+01:00, 2025-04-12T16:30:00+01:00
0.022000, 2025-04-12T16:30:00+01:00, 2025-04-12T17:00:00+01:00
0.009000, 2025-04-12T17:00:00+01:00, 2025-04-12T17:30:00+01:00
0.008000, 2025-04-12T17:30:00+01:00, 2025-04-12T18:00:00+01:00
0.007000, 2025-04-12T18:00:00+01:00, 2025-04-12T18:30:00+01:00
0.007000, 2025-04-12T18:30:00+01:00, 2025-04-12T19:00:00+01:00
0.008000, 2025-04-12T19:00:00+01:00, 2025-04-12T19:30:00+01:00
0.007000, 2025-04-12T19:30:00+01:00, 2025-04-12T20:00:00+01:00
0.004000, 2025-04-12T20:00:00+01:00, 2025-04-12T20:30:00+01:00
0.007000, 2025-04-12T20:30:00+01:00, 2025-04-12T21:00:00+01:00
0.007000, 2025-04-12T21:00:00+01:00, 2025-04-12T21:30:00+01:00
0.008000, 2025-04-12T21:30:00+01:00, 2025-04-12T22:00:00+01:00
0.007000, 2025-04-12T22:00:00+01:00, 2025-04-12T22:30:00+01:00
0.007000, 2025-04-12T22:30:00+01:00, 2025-04-12T23:00:00+01:00
0.006000, 2025-04-12T23:00:00+01:00, 2025-04-12T23:30:00+01:00
0.007000, 2025-04-12T23:30:00+01:00, 2025-04-13T00:00:00+01:00
0.008000, 2025-04-13T00:00:00+01:00, 2025-04-13T00:30:00+01:00
3.038000, 2025-04-13T00:30:00+01:00, 2025-04-13T01:00:00+01:00
2.996000, 2025-04-13T01:00:00+01:00, 2025-04-13T01:30:00+01:00
3.011000, 2025-04-13T01:30:00+01:00, 2025-04-13T02:00:00+01:00
3.046000, 2025-04-13T02:00:00+01:00, 2025-04-13T02:30:00+01:00
3.005000, 2025-04-13T02:30:00+01:00, 2025-04-13T03:00:00+01:00
2.929000, 2025-04-13T03:00:00+01:00, 2025-04-13T03:30:00+01:00
2.931000, 2025-04-13T03:30:00+01:00, 2025-04-13T04:00:00+01:00
2.735000, 2025-04-13T04:00:00+01:00, 2025-04-13T04:30:00+01:00
1.975000, 2025-04-13T04:30:00+01:00, 2025-04-13T05:00:00+01:00
0.797000, 2025-04-13T05:00:00+01:00, 2025-04-13T05:30:00+01:00
0.008000, 2025-04-13T05:30:00+01:00, 2025-04-13T06:00:00+01:00
0.007000, 2025-04-13T06:00:00+01:00, 2025-04-13T06:30:00+01:00
0.007000, 2025-04-13T06:30:00+01:00, 2025-04-13T07:00:00+01:00
0.005000, 2025-04-13T07:00:00+01:00, 2025-04-13T07:30:00+01:00
0.087000, 2025-04-13T07:30:00+01:00, 2025-04-13T08:00:00+01:00
0.016000, 2025-04-13T08:00:00+01:00, 2025-04-13T08:30:00+01:00
0.007000, 2025-04-13T08:30:00+01:00, 2025-04-13T09:00:00+01:00
0.007000, 2025-04-13T09:00:00+01:00, 2025-04-13T09:30:00+01:00
0.009000, 2025-04-13T09:30:00+01:00, 2025-04-13T10:00:00+01:00
0.006000, 2025-04-13T10:00:00+01:00, 2025-04-13T10:30:00+01:00
0.007000, 2025-04-13T10:30:00+01:00, 2025-04-13T11:00:00+01:00
0.006000, 2025-04-13T11:00:00+01:00, 2025-04-13T11:30:00+01:00
0.007000, 2025-04-13T11:30:00+01:00, 2025-04-13T12:00:00+01:00
0.019000, 2025-04-13T12:00:00+01:00, 2025-04-13T12:30:00+01:00
0.009000, 2025-04-13T12:30:00+01:00, 2025-04-13T13:00:00+01:00
0.007000, 2025-04-13T13:00:00+01:00, 2025-04-13T13:30:00+01:00
0.008000, 2025-04-13T13:30:00+01:00, 2025-04-13T14:00:00+01:00
0.007000, 2025-04-13T14:00:00+01:00, 2025-04-13T14:30:00+01:00
0.023000, 2025-04-13T14:30:00+01:00, 2025-04-13T15:00:00+01:00
0.008000, 2025-04-13T15:00:00+01:00, 2025-04-13T15:30:00+01:00
0.008000, 2025-04-13T15:30:00+01:00, 2025-04-13T16:00:00+01:00
0.010000, 2025-04-13T16:00:00+01:00, 2025-04-13T16:30:00+01:00
0.018000, 2025-04-13T16:30:00+01:00, 2025-04-13T17:00:00+01:00
0.010000, 2025-04-13T17:00:00+01:00, 2025-04-13T17:30:00+01:00
0.007000, 2025-04-13T17:30:00+01:00, 2025-04-13T18:00:00+01:00
0.008000, 2025-04-13T18:00:00+01:00, 2025-04-13T18:30:00+01:00
0.006000, 2025-04-13T18:30:00+01:00, 2025-04-13T19:00:00+01:00
0.064000, 2025-04-13T19:00:00+01:00, 2025-04-13T19:30:00+01:00
0.562000, 2025-04-13T19:30:00+01:00, 2025-04-13T20:00:00+01:00
0.346000, 2025-04-13T20:00:00+01:00, 2025-04-13T20:30:00+01:00
0.288000, 2025-04-13T20:30:00+01:00, 2025-04-13T21:00:00+01:00
0.175000, 2025-04-13T21:00:00+01:00, 2025-04-13T21:30:00+01:00
0.165000, 2025-04-13T21:30:00+01:00, 2025-04-13T22:00:00+01:00
0.165000, 2025-04-13T22:00:00+01:00, 2025-04-13T22:30:00+01:00
0.147000, 2025-04-13T22:30:00+01:00, 2025-04-13T23:00:00+01:00
0.126000, 2025-04-13T23:00:00+01:00, 2025-04-13T23:30:00+01:00
0.118000, 2025-04-13T23:30:00+01:00, 2025-04-14T00:00:00+01:00
0.160000, 2025-04-14T00:00:00+01:00, 2025-04-14T00:30:00+01:00
2.876000, 2025-04-14T00:30:00+01:00, 2025-04-14T01:00:00+01:00
2.870000, 2025-04-14T01:00:00+01:00, 2025-04-14T01:30:00+01:00
2.859000, 2025-04-14T01:30:00+01:00, 2025-04-14T02:00:00+01:00
2.885000, 2025-04-14T02:00:00+01:00, 2025-04-14T02:30:00+01:00
2.910000, 2025-04-14T02:30:00+01:00, 2025-04-14T03:00:00+01:00
2.527000, 2025-04-14T03:00:00+01:00, 2025-04-14T03:30:00+01:00
1.436000, 2025-04-14T03:30:00+01:00, 2025-04-14T04:00:00+01:00
1.147000, 2025-04-14T04:00:00+01:00, 2025-04-14T04:30:00+01:00
1.024000, 2025-04-14T04:30:00+01:00, 2025-04-14T05:00:00+01:00
0.248000, 2025-04-14T05:00:00+01:00, 2025-04-14T05:30:00+01:00
0.018000, 2025-04-14T05:30:00+01:00, 2025-04-14T06:00:00+01:00
0.007000, 2025-04-14T06:00:00+01:00, 2025-04-14T06:30:00+01:00
0.009000, 2025-04-14T06:30:00+01:00, 2025-04-14T07:00:00+01:00
0.040000, 2025-04-14T07:00:00+01:00, 2025-04-14T07:30:00+01:00
0.007000, 2025-04-14T07:30:00+01:00, 2025-04-14T08:00:00+01:00
0.006000, 2025-04-14T08:00:00+01:00, 2025-04-14T08:30:00+01:00
0.006000, 2025-04-14T08:30:00+01:00, 2025-04-14T09:00:00+01:00
0.007000, 2025-04-14T09:00:00+01:00, 2025-04-14T09:30:00+01:00
0.006000, 2025-04-14T09:30:00+01:00, 2025-04-14T10:00:00+01:00
0.007000, 2025-04-14T10:00:00+01:00, 2025-04-14T10:30:00+01:00
0.008000, 2025-04-14T10:30:00+01:00, 2025-04-14T11:00:00+01:00
0.012000, 2025-04-14T11:00:00+01:00, 2025-04-14T11:30:00+01:00
0.008000, 2025-04-14T11:30:00+01:00, 2025-04-14T12:00:00+01:00
0.008000, 2025-04-14T12:00:00+01:00, 2025-04-14T12:30:00+01:00
0.007000, 2025-04-14T12:30:00+01:00, 2025-04-14T13:00:00+01:00
0.007000, 2025-04-14T13:00:00+01:00, 2025-04-14T13:30:00+01:00
0.007000, 2025-04-14T13:30:00+01:00, 2025-04-14T14:00:00+01:00
0.006000, 2025-04-14T14:00:00+01:00, 2025-04-14T14:30:00+01:00
0.007000, 2025-04-14T14:30:00+01:00, 2025-04-14T15:00:00+01:00
0.347000, 2025-04-14T15:00:00+01:00, 2025-04-14T15:30:00+01:00
0.699000, 2025-04-14T15:30:00+01:00, 2025-04-14T16:00:00+01:00
0.437000, 2025-04-14T16:00:00+01:00, 2025-04-14T16:30:00+01:00
0.383000, 2025-04-14T16:30:00+01:00, 2025-04-14T17:00:00+01:00
0.362000, 2025-04-14T17:00:00+01:00, 2025-04-14T17:30:00+01:00
0.267000, 2025-04-14T17:30:00+01:00, 2025-04-14T18:00:00+01:00
0.227000, 2025-04-14T18:00:00+01:00, 2025-04-14T18:30:00+01:00
0.246000, 2025-04-14T18:30:00+01:00, 2025-04-14T19:00:00+01:00
0.247000, 2025-04-14T19:00:00+01:00, 2025-04-14T19:30:00+01:00
0.377000, 2025-04-14T19:30:00+01:00, 2025-04-14T20:00:00+01:00
0.376000, 2025-04-14T20:00:00+01:00, 2025-04-14T20:30:00+01:00
0.247000, 2025-04-14T20:30:00+01:00, 2025-04-14T21:00:00+01:00
0.178000, 2025-04-14T21:00:00+01:00, 2025-04-14T21:30:00+01:00
0.191000, 2025-04-14T21:30:00+01:00, 2025-04-14T22:00:00+01:00
0.140000, 2025-04-14T22:00:00+01:00, 2025-04-14T22:30:00+01:00
0.115000, 2025-04-14T22:30:00+01:00, 2025-04-14T23:00:00+01:00
0.146000, 2025-04-14T23:00:00+01:00, 2025-04-14T23:30:00+01:00
0.145000, 2025-04-14T23:30:00+01:00, 2025-04-15T00:00:00+01:00
0.120000, 2025-04-15T00:00:00+01:00, 2025-04-15T00:30:00+01:00
2.855000, 2025-04-15T00:30:00+01:00, 2025-04-15T01:00:00+01:00
2.889000, 2025-04-15T01:00:00+01:00, 2025-04-15T01:30:00+01:00
2.847000, 2025-04-15T01:30:00+01:00, 2025-04-15T02:00:00+01:00
2.849000, 2025-04-15T02:00:00+01:00, 2025-04-15T02:30:00+01:00
2.879000, 2025-04-15T02:30:00+01:00, 2025-04-15T03:00:00+01:00
2.896000, 2025-04-15T03:00:00+01:00, 2025-04-15T03:30:00+01:00
2.837000, 2025-04-15T03:30:00+01:00, 2025-04-15T04:00:00+01:00
2.759000, 2025-04-15T04:00:00+01:00, 2025-04-15T04:30:00+01:00
1.625000, 2025-04-15T04:30:00+01:00, 2025-04-15T05:00:00+01:00
0.603000, 2025-04-15T05:00:00+01:00, 2025-04-15T05:30:00+01:00
0.021000, 2025-04-15T05:30:00+01:00, 2025-04-15T06:00:00+01:00
0.010000, 2025-04-15T06:00:00+01:00, 2025-04-15T06:30:00+01:00
0.007000, 2025-04-15T06:30:00+01:00, 2025-04-15T07:00:00+01:00
0.013000, 2025-04-15T07:00:00+01:00, 2025-04-15T07:30:00+01:00
0.008000, 2025-04-15T07:30:00+01:00, 2025-04-15T08:00:00+01:00
0.007000, 2025-04-15T08:00:00+01:00, 2025-04-15T08:30:00+01:00
0.006000, 2025-04-15T08:30:00+01:00, 2025-04-15T09:00:00+01:00
0.007000, 2025-04-15T09:00:00+01:00, 2025-04-15T09:30:00+01:00
0.007000, 2025-04-15T09:30:00+01:00, 2025-04-15T10:00:00+01:00
0.007000, 2025-04-15T10:00:00+01:00, 2025-04-15T10:30:00+01:00
0.007000, 2025-04-15T10:30:00+01:00, 2025-04-15T11:00:00+01:00
0.008000, 2025-04-15T11:00:00+01:00, 2025-04-15T11:30:00+01:00
0.007000, 2025-04-15T11:30:00+01:00, 2025-04-15T12:00:00+01:00
0.008000, 2025-04-15T12:00:00+01:00, 2025-04-15T12:30:00+01:00
0.009000, 2025-04-15T12:30:00+01:00, 2025-04-15T13:00:00+01:00
0.009000, 2025-04-15T13:00:00+01:00, 2025-04-15T13:30:00+01:00
0.007000, 2025-04-15T13:30:00+01:00, 2025-04-15T14:00:00+01:00
0.008000, 2025-04-15T14:00:00+01:00, 2025-04-15T14:30:00+01:00
0.007000, 2025-04-15T14:30:00+01:00, 2025-04-15T15:00:00+01:00
0.008000, 2025-04-15T15:00:00+01:00, 2025-04-15T15:30:00+01:00
0.039000, 2025-04-15T15:30:00+01:00, 2025-04-15T16:00:00+01:00
0.026000, 2025-04-15T16:00:00+01:00, 2025-04-15T16:30:00+01:00
0.013000, 2025-04-15T16:30:00+01:00, 2025-04-15T17:00:00+01:00
0.009000, 2025-04-15T17:00:00+01:00, 2025-04-15T17:30:00+01:00
0.162000, 2025-04-15T17:30:00+01:00, 2025-04-15T18:00:00+01:00
0.238000, 2025-04-15T18:00:00+01:00, 2025-04-15T18:30:00+01:00
0.307000, 2025-04-15T18:30:00+01:00, 2025-04-15T19:00:00+01:00
0.367000, 2025-04-15T19:00:00+01:00, 2025-04-15T19:30:00+01:00
0.362000, 2025-04-15T19:30:00+01:00, 2025-04-15T20:00:00+01:00
0.436000, 2025-04-15T20:00:00+01:00, 2025-04-15T20:30:00+01:00
0.182000, 2025-04-15T20:30:00+01:00, 2025-04-15T21:00:00+01:00
0.244000, 2025-04-15T21:00:00+01:00, 2025-04-15T21:30:00+01:00
0.199000, 2025-04-15T21:30:00+01:00, 2025-04-15T22:00:00+01:00
0.152000, 2025-04-15T22:00:00+01:00, 2025-04-15T22:30:00+01:00
0.122000, 2025-04-15T22:30:00+01:00, 2025-04-15T23:00:00+01:00
0.131000, 2025-04-15T23:00:00+01:00, 2025-04-15T23:30:00+01:00
0.159000, 2025-04-15T23:30:00+01:00, 2025-04-16T00:00:00+01:00
0.122000, 2025-04-16T00:00:00+01:00, 2025-04-16T00:30:00+01:00
2.861000, 2025-04-16T00:30:00+01:00, 2025-04-16T01:00:00+01:00
2.884000, 2025-04-16T01:00:00+01:00, 2025-04-16T01:30:00+01:00
2.904000, 2025-04-16T01:30:00+01:00, 2025-04-16T02:00:00+01:00
2.878000, 2025-04-16T02:00:00+01:00, 2025-04-16T02:30:00+01:00
2.875000, 2025-04-16T02:30:00+01:00, 2025-04-16T03:00:00+01:00
2.895000, 2025-04-16T03:00:00+01:00, 2025-04-16T03:30:00+01:00
2.907000, 2025-04-16T03:30:00+01:00, 2025-04-16T04:00:00+01:00
2.858000, 2025-04-16T04:00:00+01:00, 2025-04-16T04:30:00+01:00
1.829000, 2025-04-16T04:30:00+01:00, 2025-04-16T05:00:00+01:00
0.681000, 2025-04-16T05:00:00+01:00, 2025-04-16T05:30:00+01:00
0.020000, 2025-04-16T05:30:00+01:00, 2025-04-16T06:00:00+01:00
0.008000, 2025-04-16T06:00:00+01:00, 2025-04-16T06:30:00+01:00
0.007000, 2025-04-16T06:30:00+01:00, 2025-04-16T07:00:00+01:00
0.007000, 2025-04-16T07:00:00+01:00, 2025-04-16T07:30:00+01:00
0.015000, 2025-04-16T07:30:00+01:00, 2025-04-16T08:00:00+01:00
0.008000, 2025-04-16T08:00:00+01:00, 2025-04-16T08:30:00+01:00
0.008000, 2025-04-16T08:30:00+01:00, 2025-04-16T09:00:00+01:00
0.007000, 2025-04-16T09:00:00+01:00, 2025-04-16T09:30:00+01:00
0.007000, 2025-04-16T09:30:00+01:00, 2025-04-16T10:00:00+01:00
0.006000, 2025-04-16T10:00:00+01:00, 2025-04-16T10:30:00+01:00
0.006000, 2025-04-16T10:30:00+01:00, 2025-04-16T11:00:00+01:00
0.006000, 2025-04-16T11:00:00+01:00, 2025-04-16T11:30:00+01:00
0.007000, 2025-04-16T11:30:00+01:00, 2025-04-16T12:00:00+01:00
0.008000, 2025-04-16T12:00:00+01:00, 2025-04-16T12:30:00+01:00
0.008000, 2025-04-16T12:30:00+01:00, 2025-04-16T13:00:00+01:00
0.007000, 2025-04-16T13:00:00+01:00, 2025-04-16T13:30:00+01:00
0.008000, 2025-04-16T13:30:00+01:00, 2025-04-16T14:00:00+01:00
0.009000, 2025-04-16T14:00:00+01:00, 2025-04-16T14:30:00+01:00
0.006000, 2025-04-16T14:30:00+01:00, 2025-04-16T15:00:00+01:00
0.007000, 2025-04-16T15:00:00+01:00, 2025-04-16T15:30:00+01:00
0.007000, 2025-04-16T15:30:00+01:00, 2025-04-16T16:00:00+01:00
0.018000, 2025-04-16T16:00:00+01:00, 2025-04-16T16:30:00+01:00
0.007000, 2025-04-16T16:30:00+01:00, 2025-04-16T17:00:00+01:00
0.021000, 2025-04-16T17:00:00+01:00, 2025-04-16T17:30:00+01:00
0.008000, 2025-04-16T17:30:00+01:00, 2025-04-16T18:00:00+01:00
0.011000, 2025-04-16T18:00:00+01:00, 2025-04-16T18:30:00+01:00
0.009000, 2025-04-16T18:30:00+01:00, 2025-04-16T19:00:00+01:00
0.008000, 2025-04-16T19:00:00+01:00, 2025-04-16T19:30:00+01:00
0.012000, 2025-04-16T19:30:00+01:00, 2025-04-16T20:00:00+01:00
0.123000, 2025-04-16T20:00:00+01:00, 2025-04-16T20:30:00+01:00
0.234000, 2025-04-16T20:30:00+01:00, 2025-04-16T21:00:00+01:00
0.251000, 2025-04-16T21:00:00+01:00, 2025-04-16T21:30:00+01:00
0.170000, 2025-04-16T21:30:00+01:00, 2025-04-16T22:00:00+01:00
0.169000, 2025-04-16T22:00:00+01:00, 2025-04-16T22:30:00+01:00
0.159000, 2025-04-16T22:30:00+01:00, 2025-04-16T23:00:00+01:00
0.121000, 2025-04-16T23:00:00+01:00, 2025-04-16T23:30:00+01:00
0.125000, 2025-04-16T23:30:00+01:00, 2025-04-17T00:00:00+01:00
0.152000, 2025-04-17T00:00:00+01:00, 2025-04-17T00:30:00+01:00
2.913000, 2025-04-17T00:30:00+01:00, 2025-04-17T01:00:00+01:00
2.896000, 2025-04-17T01:00:00+01:00, 2025-04-17T01:30:00+01:00
2.894000, 2025-04-17T01:30:00+01:00, 2025-04-17T02:00:00+01:00
2.926000, 2025-04-17T02:00:00+01:00, 2025-04-17T02:30:00+01:00
2.943000, 2025-04-17T02:30:00+01:00, 2025-04-17T03:00:00+01:00
2.897000, 2025-04-17T03:00:00+01:00, 2025-04-17T03:30:00+01:00
2.895000, 2025-04-17T03:30:00+01:00, 2025-04-17T04:00:00+01:00
2.749000, 2025-04-17T04:00:00+01:00, 2025-04-17T04:30:00+01:00
1.678000, 2025-04-17T04:30:00+01:00, 2025-04-17T05:00:00+01:00
0.498000, 2025-04-17T05:00:00+01:00, 2025-04-17T05:30:00+01:00
0.021000, 2025-04-17T05:30:00+01:00, 2025-04-17T06:00:00+01:00
0.012000, 2025-04-17T06:00:00+01:00, 2025-04-17T06:30:00+01:00
0.007000, 2025-04-17T06:30:00+01:00, 2025-04-17T07:00:00+01:00
0.010000, 2025-04-17T07:00:00+01:00, 2025-04-17T07:30:00+01:00
0.040000, 2025-04-17T07:30:00+01:00, 2025-04-17T08:00:00+01:00
0.008000, 2025-04-17T08:00:00+01:00, 2025-04-17T08:30:00+01:00
0.008000, 2025-04-17T08:30:00+01:00, 2025-04-17T09:00:00+01:00
0.009000, 2025-04-17T09:00:00+01:00, 2025-04-17T09:30:00+01:00
0.008000, 2025-04-17T09:30:00+01:00, 2025-04-17T10:00:00+01:00
0.009000, 2025-04-17T10:00:00+01:00, 2025-04-17T10:30:00+01:00
0.010000, 2025-04-17T10:30:00+01:00, 2025-04-17T11:00:00+01:00
0.008000, 2025-04-17T11:00:00+01:00, 2025-04-17T11:30:00+01:00
0.008000, 2025-04-17T11:30:00+01:00, 2025-04-17T12:00:00+01:00
0.009000, 2025-04-17T12:00:00+01:00, 2025-04-17T12:30:00+01:00
0.010000, 2025-04-17T12:30:00+01:00, 2025-04-17T13:00:00+01:00
0.010000, 2025-04-17T13:00:00+01:00, 2025-04-17T13:30:00+01:00
0.011000, 2025-04-17T13:30:00+01:00, 2025-04-17T14:00:00+01:00
0.009000, 2025-04-17T14:00:00+01:00, 2025-04-17T14:30:00+01:00
0.009000, 2025-04-17T14:30:00+01:00, 2025-04-17T15:00:00+01:00
0.014000, 2025-04-17T15:00:00+01:00, 2025-04-17T15:30:00+01:00
0.008000, 2025-04-17T15:30:00+01:00, 2025-04-17T16:00:00+01:00
0.008000, 2025-04-17T16:00:00+01:00, 2025-04-17T16:30:00+01:00
0.009000, 2025-04-17T16:30:00+01:00, 2025-04-17T17:00:00+01:00
0.008000, 2025-04-17T17:00:00+01:00, 2025-04-17T17:30:00+01:00
0.008000, 2025-04-17T17:30:00+01:00, 2025-04-17T18:00:00+01:00
0.011000, 2025-04-17T18:00:00+01:00, 2025-04-17T18:30:00+01:00
0.009000, 2025-04-17T18:30:00+01:00, 2025-04-17T19:00:00+01:00
0.009000, 2025-04-17T19:00:00+01:00, 2025-04-17T19:30:00+01:00
0.008000, 2025-04-17T19:30:00+01:00, 2025-04-17T20:00:00+01:00
0.009000, 2025-04-17T20:00:00+01:00, 2025-04-17T20:30:00+01:00
0.008000, 2025-04-17T20:30:00+01:00, 2025-04-17T21:00:00+01:00
0.007000, 2025-04-17T21:00:00+01:00, 2025-04-17T21:30:00+01:00
0.007000, 2025-04-17T21:30:00+01:00, 2025-04-17T22:00:00+01:00
0.008000, 2025-04-17T22:00:00+01:00, 2025-04-17T22:30:00+01:00
0.006000, 2025-04-17T22:30:00+01:00, 2025-04-17T23:00:00+01:00
0.007000, 2025-04-17T23:00:00+01:00, 2025-04-17T23:30:00+01:00
0.007000, 2025-04-17T23:30:00+01:00, 2025-04-18T00:00:00+01:00
0.007000, 2025-04-18T00:00:00+01:00, 2025-04-18T00:30:00+01:00
2.874000, 2025-04-18T00:30:00+01:00, 2025-04-18T01:00:00+01:00
2.853000, 2025-04-18T01:00:00+01:00, 2025-04-18T01:30:00+01:00
2.843000, 2025-04-18T01:30:00+01:00, 2025-04-18T02:00:00+01:00
2.873000, 2025-04-18T02:00:00+01:00, 2025-04-18T02:30:00+01:00
2.896000, 2025-04-18T02:30:00+01:00, 2025-04-18T03:00:00+01:00
2.877000, 2025-04-18T03:00:00+01:00, 2025-04-18T03:30:00+01:00
2.861000, 2025-04-18T03:30:00+01:00, 2025-04-18T04:00:00+01:00
2.863000, 2025-04-18T04:00:00+01:00, 2025-04-18T04:30:00+01:00
1.525000, 2025-04-18T04:30:00+01:00, 2025-04-18T05:00:00+01:00
0.532000, 2025-04-18T05:00:00+01:00, 2025-04-18T05:30:00+01:00
0.008000, 2025-04-18T05:30:00+01:00, 2025-04-18T06:00:00+01:00
0.007000, 2025-04-18T06:00:00+01:00, 2025-04-18T06:30:00+01:00
0.006000, 2025-04-18T06:30:00+01:00, 2025-04-18T07:00:00+01:00
0.023000, 2025-04-18T07:00:00+01:00, 2025-04-18T07:30:00+01:00
0.012000, 2025-04-18T07:30:00+01:00, 2025-04-18T08:00:00+01:00
0.010000, 2025-04-18T08:00:00+01:00, 2025-04-18T08:30:00+01:00
0.008000, 2025-04-18T08:30:00+01:00, 2025-04-18T09:00:00+01:00
0.015000, 2025-04-18T09:00:00+01:00, 2025-04-18T09:30:00+01:00
0.012000, 2025-04-18T09:30:00+01:00, 2025-04-18T10:00:00+01:00
0.009000, 2025-04-18T10:00:00+01:00, 2025-04-18T10:30:00+01:00
0.011000, 2025-04-18T10:30:00+01:00, 2025-04-18T11:00:00+01:00
0.020000, 2025-04-18T11:00:00+01:00, 2025-04-18T11:30:00+01:00
0.022000, 2025-04-18T11:30:00+01:00, 2025-04-18T12:00:00+01:00
0.014000, 2025-04-18T12:00:00+01:00, 2025-04-18T12:30:00+01:00
0.027000, 2025-04-18T12:30:00+01:00, 2025-04-18T13:00:00+01:00
0.024000, 2025-04-18T13:00:00+01:00, 2025-04-18T13:30:00+01:00
0.017000, 2025-04-18T13:30:00+01:00, 2025-04-18T14:00:00+01:00
0.007000, 2025-04-18T14:00:00+01:00, 2025-04-18T14:30:00+01:00
0.008000, 2025-04-18T14:30:00+01:00, 2025-04-18T15:00:00+01:00
0.017000, 2025-04-18T15:00:00+01:00, 2025-04-18T15:30:00+01:00
0.008000, 2025-04-18T15:30:00+01:00, 2025-04-18T16:00:00+01:00
0.027000, 2025-04-18T16:00:00+01:00, 2025-04-18T16:30:00+01:00
0.008000, 2025-04-18T16:30:00+01:00, 2025-04-18T17:00:00+01:00
0.019000, 2025-04-18T17:00:00+01:00, 2025-04-18T17:30:00+01:00
0.009000, 2025-04-18T17:30:00+01:00, 2025-04-18T18:00:00+01:00
0.009000, 2025-04-18T18:00:00+01:00, 2025-04-18T18:30:00+01:00
0.017000, 2025-04-18T18:30:00+01:00, 2025-04-18T19:00:00+01:00
0.012000, 2025-04-18T19:00:00+01:00, 2025-04-18T19:30:00+01:00
0.009000, 2025-04-18T19:30:00+01:00, 2025-04-18T20:00:00+01:00
0.361000, 2025-04-18T20:00:00+01:00, 2025-04-18T20:30:00+01:00
0.402000, 2025-04-18T20:30:00+01:00, 2025-04-18T21:00:00+01:00
0.297000, 2025-04-18T21:00:00+01:00, 2025-04-18T21:30:00+01:00
0.240000, 2025-04-18T21:30:00+01:00, 2025-04-18T22:00:00+01:00
0.174000, 2025-04-18T22:00:00+01:00, 2025-04-18T22:30:00+01:00
0.131000, 2025-04-18T22:30:00+01:00, 2025-04-18T23:00:00+01:00
0.122000, 2025-04-18T23:00:00+01:00, 2025-04-18T23:30:00+01:00
0.152000, 2025-04-18T23:30:00+01:00, 2025-04-19T00:00:00+01:00
0.164000, 2025-04-19T00:00:00+01:00, 2025-04-19T00:30:00+01:00
0.962000, 2025-04-19T00:30:00+01:00, 2025-04-19T01:00:00+01:00
0.970000, 2025-04-19T01:00:00+01:00, 2025-04-19T01:30:00+01:00
0.977000, 2025-04-19T01:30:00+01:00, 2025-04-19T02:00:00+01:00
1.019000, 2025-04-19T02:00:00+01:00, 2025-04-19T02:30:00+01:00
0.997000, 2025-04-19T02:30:00+01:00, 2025-04-19T03:00:00+01:00
0.974000, 2025-04-19T03:00:00+01:00, 2025-04-19T03:30:00+01:00
0.973000, 2025-04-19T03:30:00+01:00, 2025-04-19T04:00:00+01:00
0.987000, 2025-04-19T04:00:00+01:00, 2025-04-19T04:30:00+01:00
0.961000, 2025-04-19T04:30:00+01:00, 2025-04-19T05:00:00+01:00
0.127000, 2025-04-19T05:00:00+01:00, 2025-04-19T05:30:00+01:00
0.008000, 2025-04-19T05:30:00+01:00, 2025-04-19T06:00:00+01:00
0.007000, 2025-04-19T06:00:00+01:00, 2025-04-19T06:30:00+01:00
0.030000, 2025-04-19T06:30:00+01:00, 2025-04-19T07:00:00+01:00
0.026000, 2025-04-19T07:00:00+01:00, 2025-04-19T07:30:00+01:00
0.012000, 2025-04-19T07:30:00+01:00, 2025-04-19T08:00:00+01:00
0.010000, 2025-04-19T08:00:00+01:00, 2025-04-19T08:30:00+01:00
0.009000, 2025-04-19T08:30:00+01:00, 2025-04-19T09:00:00+01:00
0.025000, 2025-04-19T09:00:00+01:00, 2025-04-19T09:30:00+01:00
0.009000, 2025-04-19T09:30:00+01:00, 2025-04-19T10:00:00+01:00
0.009000, 2025-04-19T10:00:00+01:00, 2025-04-19T10:30:00+01:00
0.009000, 2025-04-19T10:30:00+01:00, 2025-04-19T11:00:00+01:00
0.030000, 2025-04-19T11:00:00+01:00, 2025-04-19T11:30:00+01:00
0.015000, 2025-04-19T11:30:00+01:00, 2025-04-19T12:00:00+01:00
0.010000, 2025-04-19T12:00:00+01:00, 2025-04-19T12:30:00+01:00
0.009000, 2025-04-19T12:30:00+01:00, 2025-04-19T13:00:00+01:00
0.009000, 2025-04-19T13:00:00+01:00, 2025-04-19T13:30:00+01:00
0.010000, 2025-04-19T13:30:00+01:00, 2025-04-19T14:00:00+01:00
0.010000, 2025-04-19T14:00:00+01:00, 2025-04-19T14:30:00+01:00
0.009000, 2025-04-19T14:30:00+01:00, 2025-04-19T15:00:00+01:00
0.023000, 2025-04-19T15:00:00+01:00, 2025-04-19T15:30:00+01:00
0.010000, 2025-04-19T15:30:00+01:00, 2025-04-19T16:00:00+01:00
0.007000, 2025-04-19T16:00:00+01:00, 2025-04-19T16:30:00+01:00
0.007000, 2025-04-19T16:30:00+01:00, 2025-04-19T17:00:00+01:00
0.007000, 2025-04-19T17:00:00+01:00, 2025-04-19T17:30:00+01:00
0.008000, 2025-04-19T17:30:00+01:00, 2025-04-19T18:00:00+01:00
0.008000, 2025-04-19T18:00:00+01:00, 2025-04-19T18:30:00+01:00
0.009000, 2025-04-19T18:30:00+01:00, 2025-04-19T19:00:00+01:00
0.010000, 2025-04-19T19:00:00+01:00, 2025-04-19T19:30:00+01:00
0.008000, 2025-04-19T19:30:00+01:00, 2025-04-19T20:00:00+01:00
0.012000, 2025-04-19T20:00:00+01:00, 2025-04-19T20:30:00+01:00
0.007000, 2025-04-19T20:30:00+01:00, 2025-04-19T21:00:00+01:00
0.007000, 2025-04-19T21:00:00+01:00, 2025-04-19T21:30:00+01:00
0.008000, 2025-04-19T21:30:00+01:00, 2025-04-19T22:00:00+01:00
0.007000, 2025-04-19T22:00:00+01:00, 2025-04-19T22:30:00+01:00
0.007000, 2025-04-19T22:30:00+01:00, 2025-04-19T23:00:00+01:00
0.007000, 2025-04-19T23:00:00+01:00, 2025-04-19T23:30:00+01:00
0.006000, 2025-04-19T23:30:00+01:00, 2025-04-20T00:00:00+01:00
0.007000, 2025-04-20T00:00:00+01:00, 2025-04-20T00:30:00+01:00
2.872000, 2025-04-20T00:30:00+01:00, 2025-04-20T01:00:00+01:00
2.874000, 2025-04-20T01:00:00+01:00, 2025-04-20T01:30:00+01:00
2.888000, 2025-04-20T01:30:00+01:00, 2025-04-20T02:00:00+01:00
2.894000, 2025-04-20T02:00:00+01:00, 2025-04-20T02:30:00+01:00
2.867000, 2025-04-20T02:30:00+01:00, 2025-04-20T03:00:00+01:00
2.878000, 2025-04-20T03:00:00+01:00, 2025-04-20T03:30:00+01:00
2.880000, 2025-04-20T03:30:00+01:00, 2025-04-20T04:00:00+01:00
2.599000, 2025-04-20T04:00:00+01:00, 2025-04-20T04:30:00+01:00
1.533000, 2025-04-20T04:30:00+01:00, 2025-04-20T05:00:00+01:00
0.330000, 2025-04-20T05:00:00+01:00, 2025-04-20T05:30:00+01:00
0.007000, 2025-04-20T05:30:00+01:00, 2025-04-20T06:00:00+01:00
0.007000, 2025-04-20T06:00:00+01:00, 2025-04-20T06:30:00+01:00
0.007000, 2025-04-20T06:30:00+01:00, 2025-04-20T07:00:00+01:00
0.018000, 2025-04-20T07:00:00+01:00, 2025-04-20T07:30:00+01:00
0.018000, 2025-04-20T07:30:00+01:00, 2025-04-20T08:00:00+01:00
0.011000, 2025-04-20T08:00:00+01:00, 2025-04-20T08:30:00+01:00
0.009000, 2025-04-20T08:30:00+01:00, 2025-04-20T09:00:00+01:00
0.010000, 2025-04-20T09:00:00+01:00, 2025-04-20T09:30:00+01:00
0.008000, 2025-04-20T09:30:00+01:00, 2025-04-20T10:00:00+01:00
0.012000, 2025-04-20T10:00:00+01:00, 2025-04-20T10:30:00+01:00
0.009000, 2025-04-20T10:30:00+01:00, 2025-04-20T11:00:00+01:00
0.009000, 2025-04-20T11:00:00+01:00, 2025-04-20T11:30:00+01:00
0.009000, 2025-04-20T11:30:00+01:00, 2025-04-20T12:00:00+01:00
0.010000, 2025-04-20T12:00:00+01:00, 2025-04-20T12:30:00+01:00
0.012000, 2025-04-20T12:30:00+01:00, 2025-04-20T13:00:00+01:00
0.010000, 2025-04-20T13:00:00+01:00, 2025-04-20T13:30:00+01:00
0.009000, 2025-04-20T13:30:00+01:00, 2025-04-20T14:00:00+01:00
0.009000, 2025-04-20T14:00:00+01:00, 2025-04-20T14:30:00+01:00
0.011000, 2025-04-20T14:30:00+01:00, 2025-04-20T15:00:00+01:00
0.022000, 2025-04-20T15:00:00+01:00, 2025-04-20T15:30:00+01:00
0.008000, 2025-04-20T15:30:00+01:00, 2025-04-20T16:00:00+01:00
0.010000, 2025-04-20T16:00:00+01:00, 2025-04-20T16:30:00+01:00
0.022000, 2025-04-20T16:30:00+01:00, 2025-04-20T17:00:00+01:00
0.008000, 2025-04-20T17:00:00+01:00, 2025-04-20T17:30:00+01:00
0.007000, 2025-04-20T17:30:00+01:00, 2025-04-20T18:00:00+01:00
0.008000, 2025-04-20T18:00:00+01:00, 2025-04-20T18:30:00+01:00
0.008000, 2025-04-20T18:30:00+01:00, 2025-04-20T19:00:00+01:00
0.021000, 2025-04-20T19:00:00+01:00, 2025-04-20T19:30:00+01:00
0.008000, 2025-04-20T19:30:00+01:00, 2025-04-20T20:00:00+01:00
0.009000, 2025-04-20T20:00:00+01:00, 2025-04-20T20:30:00+01:00
0.013000, 2025-04-20T20:30:00+01:00, 2025-04-20T21:00:00+01:00
0.008000, 2025-04-20T21:00:00+01:00, 2025-04-20T21:30:00+01:00
0.009000, 2025-04-20T21:30:00+01:00, 2025-04-20T22:00:00+01:00
0.007000, 2025-04-20T22:00:00+01:00, 2025-04-20T22:30:00+01:00
0.007000, 2025-04-20T22:30:00+01:00, 2025-04-20T23:00:00+01:00
0.007000, 2025-04-20T23:00:00+01:00, 2025-04-20T23:30:00+01:00
0.007000, 2025-04-20T23:30:00+01:00, 2025-04-21T00:00:00+01:00
0.006000, 2025-04-21T00:00:00+01:00, 2025-04-21T00:30:00+01:00
2.477000, 2025-04-21T00:30:00+01:00, 2025-04-21T01:00:00+01:00
1.249000, 2025-04-21T01:00:00+01:00, 2025-04-21T01:30:00+01:00
1.017000, 2025-04-21T01:30:00+01:00, 2025-04-21T02:00:00+01:00
1.009000, 2025-04-21T02:00:00+01:00, 2025-04-21T02:30:00+01:00
1.015000, 2025-04-21T02:30:00+01:00, 2025-04-21T03:00:00+01:00
0.971000, 2025-04-21T03:00:00+01:00, 2025-04-21T03:30:00+01:00
0.975000, 2025-04-21T03:30:00+01:00, 2025-04-21T04:00:00+01:00
0.971000, 2025-04-21T04:00:00+01:00, 2025-04-21T04:30:00+01:00
0.836000, 2025-04-21T04:30:00+01:00, 2025-04-21T05:00:00+01:00
0.173000, 2025-04-21T05:00:00+01:00, 2025-04-21T05:30:00+01:00
0.008000, 2025-04-21T05:30:00+01:00, 2025-04-21T06:00:00+01:00
0.006000, 2025-04-21T06:00:00+01:00, 2025-04-21T06:30:00+01:00
0.008000, 2025-04-21T06:30:00+01:00, 2025-04-21T07:00:00+01:00
0.006000, 2025-04-21T07:00:00+01:00, 2025-04-21T07:30:00+01:00
0.044000, 2025-04-21T07:30:00+01:00, 2025-04-21T08:00:00+01:00
0.030000, 2025-04-21T08:00:00+01:00, 2025-04-21T08:30:00+01:00
0.009000, 2025-04-21T08:30:00+01:00, 2025-04-21T09:00:00+01:00
0.008000, 2025-04-21T09:00:00+01:00, 2025-04-21T09:30:00+01:00
0.025000, 2025-04-21T09:30:00+01:00, 2025-04-21T10:00:00+01:00
0.015000, 2025-04-21T10:00:00+01:00, 2025-04-21T10:30:00+01:00
0.009000, 2025-04-21T10:30:00+01:00, 2025-04-21T11:00:00+01:00
0.009000, 2025-04-21T11:00:00+01:00, 2025-04-21T11:30:00+01:00
0.011000, 2025-04-21T11:30:00+01:00, 2025-04-21T12:00:00+01:00
0.007000, 2025-04-21T12:00:00+01:00, 2025-04-21T12:30:00+01:00
0.008000, 2025-04-21T12:30:00+01:00, 2025-04-21T13:00:00+01:00
0.008000, 2025-04-21T13:00:00+01:00, 2025-04-21T13:30:00+01:00
0.011000, 2025-04-21T13:30:00+01:00, 2025-04-21T14:00:00+01:00
0.010000, 2025-04-21T14:00:00+01:00, 2025-04-21T14:30:00+01:00
0.011000, 2025-04-21T14:30:00+01:00, 2025-04-21T15:00:00+01:00
0.010000, 2025-04-21T15:00:00+01:00, 2025-04-21T15:30:00+01:00
0.009000, 2025-04-21T15:30:00+01:00, 2025-04-21T16:00:00+01:00
0.011000, 2025-04-21T16:00:00+01:00, 2025-04-21T16:30:00+01:00
0.009000, 2025-04-21T16:30:00+01:00, 2025-04-21T17:00:00+01:00
0.008000, 2025-04-21T17:00:00+01:00, 2025-04-21T17:30:00+01:00
0.008000, 2025-04-21T17:30:00+01:00, 2025-04-21T18:00:00+01:00
0.009000, 2025-04-21T18:00:00+01:00, 2025-04-21T18:30:00+01:00
0.021000, 2025-04-21T18:30:00+01:00, 2025-04-21T19:00:00+01:00
0.011000, 2025-04-21T19:00:00+01:00, 2025-04-21T19:30:00+01:00
0.011000, 2025-04-21T19:30:00+01:00, 2025-04-21T20:00:00+01:00
0.008000, 2025-04-21T20:00:00+01:00, 2025-04-21T20:30:00+01:00
0.070000, 2025-04-21T20:30:00+01:00, 2025-04-21T21:00:00+01:00
0.194000, 2025-04-21T21:00:00+01:00, 2025-04-21T21:30:00+01:00
0.148000, 2025-04-21T21:30:00+01:00, 2025-04-21T22:00:00+01:00
0.154000, 2025-04-21T22:00:00+01:00, 2025-04-21T22:30:00+01:00
0.189000, 2025-04-21T22:30:00+01:00, 2025-04-21T23:00:00+01:00
0.154000, 2025-04-21T23:00:00+01:00, 2025-04-21T23:30:00+01:00
0.123000, 2025-04-21T23:30:00+01:00, 2025-04-22T00:00:00+01:00
0.125000, 2025-04-22T00:00:00+01:00, 2025-04-22T00:30:00+01:00
2.866000, 2025-04-22T00:30:00+01:00, 2025-04-22T01:00:00+01:00
2.892000, 2025-04-22T01:00:00+01:00, 2025-04-22T01:30:00+01:00
2.871000, 2025-04-22T01:30:00+01:00, 2025-04-22T02:00:00+01:00
2.867000, 2025-04-22T02:00:00+01:00, 2025-04-22T02:30:00+01:00
1.740000, 2025-04-22T02:30:00+01:00, 2025-04-22T03:00:00+01:00
1.159000, 2025-04-22T03:00:00+01:00, 2025-04-22T03:30:00+01:00
1.015000, 2025-04-22T03:30:00+01:00, 2025-04-22T04:00:00+01:00
0.981000, 2025-04-22T04:00:00+01:00, 2025-04-22T04:30:00+01:00
0.910000, 2025-04-22T04:30:00+01:00, 2025-04-22T05:00:00+01:00
0.141000, 2025-04-22T05:00:00+01:00, 2025-04-22T05:30:00+01:00
0.016000, 2025-04-22T05:30:00+01:00, 2025-04-22T06:00:00+01:00
0.018000, 2025-04-22T06:00:00+01:00, 2025-04-22T06:30:00+01:00
0.008000, 2025-04-22T06:30:00+01:00, 2025-04-22T07:00:00+01:00
0.022000, 2025-04-22T07:00:00+01:00, 2025-04-22T07:30:00+01:00
0.009000, 2025-04-22T07:30:00+01:00, 2025-04-22T08:00:00+01:00
0.008000, 2025-04-22T08:00:00+01:00, 2025-04-22T08:30:00+01:00
0.009000, 2025-04-22T08:30:00+01:00, 2025-04-22T09:00:00+01:00
0.008000, 2025-04-22T09:00:00+01:00, 2025-04-22T09:30:00+01:00
0.009000, 2025-04-22T09:30:00+01:00, 2025-04-22T10:00:00+01:00
0.010000, 2025-04-22T10:00:00+01:00, 2025-04-22T10:30:00+01:00
0.011000, 2025-04-22T10:30:00+01:00, 2025-04-22T11:00:00+01:00
0.010000, 2025-04-22T11:00:00+01:00, 2025-04-22T11:30:00+01:00
0.011000, 2025-04-22T11:30:00+01:00, 2025-04-22T12:00:00+01:00
0.009000, 2025-04-22T12:00:00+01:00, 2025-04-22T12:30:00+01:00
0.008000, 2025-04-22T12:30:00+01:00, 2025-04-22T13:00:00+01:00
0.010000, 2025-04-22T13:00:00+01:00, 2025-04-22T13:30:00+01:00
0.009000, 2025-04-22T13:30:00+01:00, 2025-04-22T14:00:00+01:00
0.009000, 2025-04-22T14:00:00+01:00, 2025-04-22T14:30:00+01:00
0.009000, 2025-04-22T14:30:00+01:00, 2025-04-22T15:00:00+01:00
0.008000, 2025-04-22T15:00:00+01:00, 2025-04-22T15:30:00+01:00
0.014000, 2025-04-22T15:30:00+01:00, 2025-04-22T16:00:00+01:00
0.012000, 2025-04-22T16:00:00+01:00, 2025-04-22T16:30:00+01:00
0.011000, 2025-04-22T16:30:00+01:00, 2025-04-22T17:00:00+01:00
0.009000, 2025-04-22T17:00:00+01:00, 2025-04-22T17:30:00+01:00
0.011000, 2025-04-22T17:30:00+01:00, 2025-04-22T18:00:00+01:00
0.008000, 2025-04-22T18:00:00+01:00, 2025-04-22T18:30:00+01:00
0.022000, 2025-04-22T18:30:00+01:00, 2025-04-22T19:00:00+01:00
0.011000, 2025-04-22T19:00:00+01:00, 2025-04-22T19:30:00+01:00
0.010000, 2025-04-22T19:30:00+01:00, 2025-04-22T20:00:00+01:00
0.010000, 2025-04-22T20:00:00+01:00, 2025-04-22T20:30:00+01:00
0.010000, 2025-04-22T20:30:00+01:00, 2025-04-22T21:00:00+01:00
0.013000, 2025-04-22T21:00:00+01:00, 2025-04-22T21:30:00+01:00
0.008000, 2025-04-22T21:30:00+01:00, 2025-04-22T22:00:00+01:00
0.007000, 2025-04-22T22:00:00+01:00, 2025-04-22T22:30:00+01:00
0.007000, 2025-04-22T22:30:00+01:00, 2025-04-22T23:00:00+01:00
0.007000, 2025-04-22T23:00:00+01:00, 2025-04-22T23:30:00+01:00
0.007000, 2025-04-22T23:30:00+01:00, 2025-04-23T00:00:00+01:00
0.008000, 2025-04-23T00:00:00+01:00, 2025-04-23T00:30:00+01:00
2.859000, 2025-04-23T00:30:00+01:00, 2025-04-23T01:00:00+01:00
2.906000, 2025-04-23T01:00:00+01:00, 2025-04-23T01:30:00+01:00
2.869000, 2025-04-23T01:30:00+01:00, 2025-04-23T02:00:00+01:00
2.856000, 2025-04-23T02:00:00+01:00, 2025-04-23T02:30:00+01:00
2.861000, 2025-04-23T02:30:00+01:00, 2025-04-23T03:00:00+01:00
2.909000, 2025-04-23T03:00:00+01:00, 2025-04-23T03:30:00+01:00
2.811000, 2025-04-23T03:30:00+01:00, 2025-04-23T04:00:00+01:00
1.796000, 2025-04-23T04:00:00+01:00, 2025-04-23T04:30:00+01:00
0.689000, 2025-04-23T04:30:00+01:00, 2025-04-23T05:00:00+01:00
0.325000, 2025-04-23T05:00:00+01:00, 2025-04-23T05:30:00+01:00
0.021000, 2025-04-23T05:30:00+01:00, 2025-04-23T06:00:00+01:00
0.024000, 2025-04-23T06:00:00+01:00, 2025-04-23T06:30:00+01:00
0.007000, 2025-04-23T06:30:00+01:00, 2025-04-23T07:00:00+01:00
0.008000, 2025-04-23T07:00:00+01:00, 2025-04-23T07:30:00+01:00
0.009000, 2025-04-23T07:30:00+01:00, 2025-04-23T08:00:00+01:00
0.009000, 2025-04-23T08:00:00+01:00, 2025-04-23T08:30:00+01:00
0.009000, 2025-04-23T08:30:00+01:00, 2025-04-23T09:00:00+01:00
0.008000, 2025-04-23T09:00:00+01:00, 2025-04-23T09:30:00+01:00
0.008000, 2025-04-23T09:30:00+01:00, 2025-04-23T10:00:00+01:00
0.033000, 2025-04-23T10:00:00+01:00, 2025-04-23T10:30:00+01:00
0.008000, 2025-04-23T10:30:00+01:00, 2025-04-23T11:00:00+01:00
0.007000, 2025-04-23T11:00:00+01:00, 2025-04-23T11:30:00+01:00
0.011000, 2025-04-23T11:30:00+01:00, 2025-04-23T12:00:00+01:00
0.010000, 2025-04-23T12:00:00+01:00, 2025-04-23T12:30:00+01:00
0.009000, 2025-04-23T12:30:00+01:00, 2025-04-23T13:00:00+01:00
0.009000, 2025-04-23T13:00:00+01:00, 2025-04-23T13:30:00+01:00
0.010000, 2025-04-23T13:30:00+01:00, 2025-04-23T14:00:00+01:00
0.008000, 2025-04-23T14:00:00+01:00, 2025-04-23T14:30:00+01:00
0.009000, 2025-04-23T14:30:00+01:00, 2025-04-23T15:00:00+01:00
0.009000, 2025-04-23T15:00:00+01:00, 2025-04-23T15:30:00+01:00
0.009000, 2025-04-23T15:30:00+01:00, 2025-04-23T16:00:00+01:00
0.134000, 2025-04-23T16:00:00+01:00, 2025-04-23T16:30:00+01:00
0.650000, 2025-04-23T16:30:00+01:00, 2025-04-23T17:00:00+01:00
0.310000, 2025-04-23T17:00:00+01:00, 2025-04-23T17:30:00+01:00
0.284000, 2025-04-23T17:30:00+01:00, 2025-04-23T18:00:00+01:00
0.229000, 2025-04-23T18:00:00+01:00, 2025-04-23T18:30:00+01:00
0.161000, 2025-04-23T18:30:00+01:00, 2025-04-23T19:00:00+01:00
0.138000, 2025-04-23T19:00:00+01:00, 2025-04-23T19:30:00+01:00
0.204000, 2025-04-23T19:30:00+01:00, 2025-04-23T20:00:00+01:00
0.274000, 2025-04-23T20:00:00+01:00, 2025-04-23T20:30:00+01:00
0.251000, 2025-04-23T20:30:00+01:00, 2025-04-23T21:00:00+01:00
0.302000, 2025-04-23T21:00:00+01:00, 2025-04-23T21:30:00+01:00
0.278000, 2025-04-23T21:30:00+01:00, 2025-04-23T22:00:00+01:00
0.121000, 2025-04-23T22:00:00+01:00, 2025-04-23T22:30:00+01:00
0.146000, 2025-04-23T22:30:00+01:00, 2025-04-23T23:00:00+01:00
0.112000, 2025-04-23T23:00:00+01:00, 2025-04-23T23:30:00+01:00
0.099000, 2025-04-23T23:30:00+01:00, 2025-04-24T00:00:00+01:00
0.137000, 2025-04-24T00:00:00+01:00, 2025-04-24T00:30:00+01:00
2.865000, 2025-04-24T00:30:00+01:00, 2025-04-24T01:00:00+01:00
2.839000, 2025-04-24T01:00:00+01:00, 2025-04-24T01:30:00+01:00
2.855000, 2025-04-24T01:30:00+01:00, 2025-04-24T02:00:00+01:00
2.906000, 2025-04-24T02:00:00+01:00, 2025-04-24T02:30:00+01:00
2.915000, 2025-04-24T02:30:00+01:00, 2025-04-24T03:00:00+01:00
2.858000, 2025-04-24T03:00:00+01:00, 2025-04-24T03:30:00+01:00
2.852000, 2025-04-24T03:30:00+01:00, 2025-04-24T04:00:00+01:00
2.774000, 2025-04-24T04:00:00+01:00, 2025-04-24T04:30:00+01:00
1.695000, 2025-04-24T04:30:00+01:00, 2025-04-24T05:00:00+01:00
0.546000, 2025-04-24T05:00:00+01:00, 2025-04-24T05:30:00+01:00
0.014000, 2025-04-24T05:30:00+01:00, 2025-04-24T06:00:00+01:00
0.015000, 2025-04-24T06:00:00+01:00, 2025-04-24T06:30:00+01:00
0.008000, 2025-04-24T06:30:00+01:00, 2025-04-24T07:00:00+01:00
0.016000, 2025-04-24T07:00:00+01:00, 2025-04-24T07:30:00+01:00
0.009000, 2025-04-24T07:30:00+01:00, 2025-04-24T08:00:00+01:00
0.008000, 2025-04-24T08:00:00+01:00, 2025-04-24T08:30:00+01:00
0.009000, 2025-04-24T08:30:00+01:00, 2025-04-24T09:00:00+01:00
0.019000, 2025-04-24T09:00:00+01:00, 2025-04-24T09:30:00+01:00
0.017000, 2025-04-24T09:30:00+01:00, 2025-04-24T10:00:00+01:00
0.008000, 2025-04-24T10:00:00+01:00, 2025-04-24T10:30:00+01:00
0.009000, 2025-04-24T10:30:00+01:00, 2025-04-24T11:00:00+01:00
0.009000, 2025-04-24T11:00:00+01:00, 2025-04-24T11:30:00+01:00
0.009000, 2025-04-24T11:30:00+01:00, 2025-04-24T12:00:00+01:00
0.010000, 2025-04-24T12:00:00+01:00, 2025-04-24T12:30:00+01:00
0.010000, 2025-04-24T12:30:00+01:00, 2025-04-24T13:00:00+01:00
0.010000, 2025-04-24T13:00:00+01:00, 2025-04-24T13:30:00+01:00
0.009000, 2025-04-24T13:30:00+01:00, 2025-04-24T14:00:00+01:00
0.010000, 2025-04-24T14:00:00+01:00, 2025-04-24T14:30:00+01:00
0.009000, 2025-04-24T14:30:00+01:00, 2025-04-24T15:00:00+01:00
0.009000, 2025-04-24T15:00:00+01:00, 2025-04-24T15:30:00+01:00
0.011000, 2025-04-24T15:30:00+01:00, 2025-04-24T16:00:00+01:00
0.010000, 2025-04-24T16:00:00+01:00, 2025-04-24T16:30:00+01:00
0.029000, 2025-04-24T16:30:00+01:00, 2025-04-24T17:00:00+01:00
0.007000, 2025-04-24T17:00:00+01:00, 2025-04-24T17:30:00+01:00
0.009000, 2025-04-24T17:30:00+01:00, 2025-04-24T18:00:00+01:00
0.019000, 2025-04-24T18:00:00+01:00, 2025-04-24T18:30:00+01:00
0.008000, 2025-04-24T18:30:00+01:00, 2025-04-24T19:00:00+01:00
0.011000, 2025-04-24T19:00:00+01:00, 2025-04-24T19:30:00+01:00
0.011000, 2025-04-24T19:30:00+01:00, 2025-04-24T20:00:00+01:00
0.009000, 2025-04-24T20:00:00+01:00, 2025-04-24T20:30:00+01:00
0.009000, 2025-04-24T20:30:00+01:00, 2025-04-24T21:00:00+01:00
0.014000, 2025-04-24T21:00:00+01:00, 2025-04-24T21:30:00+01:00
0.007000, 2025-04-24T21:30:00+01:00, 2025-04-24T22:00:00+01:00
0.009000, 2025-04-24T22:00:00+01:00, 2025-04-24T22:30:00+01:00
0.007000, 2025-04-24T22:30:00+01:00, 2025-04-24T23:00:00+01:00
0.006000, 2025-04-24T23:00:00+01:00, 2025-04-24T23:30:00+01:00
0.007000, 2025-04-24T23:30:00+01:00, 2025-04-25T00:00:00+01:00
0.007000, 2025-04-25T00:00:00+01:00, 2025-04-25T00:30:00+01:00
2.864000, 2025-04-25T00:30:00+01:00, 2025-04-25T01:00:00+01:00
2.904000, 2025-04-25T01:00:00+01:00, 2025-04-25T01:30:00+01:00
2.879000, 2025-04-25T01:30:00+01:00, 2025-04-25T02:00:00+01:00
2.862000, 2025-04-25T02:00:00+01:00, 2025-04-25T02:30:00+01:00
2.876000, 2025-04-25T02:30:00+01:00, 2025-04-25T03:00:00+01:00
2.890000, 2025-04-25T03:00:00+01:00, 2025-04-25T03:30:00+01:00
2.544000, 2025-04-25T03:30:00+01:00, 2025-04-25T04:00:00+01:00
1.061000, 2025-04-25T04:00:00+01:00, 2025-04-25T04:30:00+01:00
0.430000, 2025-04-25T04:30:00+01:00, 2025-04-25T05:00:00+01:00
0.256000, 2025-04-25T05:00:00+01:00, 2025-04-25T05:30:00+01:00
0.006000, 2025-04-25T05:30:00+01:00, 2025-04-25T06:00:00+01:00
0.008000, 2025-04-25T06:00:00+01:00, 2025-04-25T06:30:00+01:00
0.018000, 2025-04-25T06:30:00+01:00, 2025-04-25T07:00:00+01:00
0.020000, 2025-04-25T07:00:00+01:00, 2025-04-25T07:30:00+01:00
0.009000, 2025-04-25T07:30:00+01:00, 2025-04-25T08:00:00+01:00
0.024000, 2025-04-25T08:00:00+01:00, 2025-04-25T08:30:00+01:00
0.010000, 2025-04-25T08:30:00+01:00, 2025-04-25T09:00:00+01:00
0.009000, 2025-04-25T09:00:00+01:00, 2025-04-25T09:30:00+01:00
0.019000, 2025-04-25T09:30:00+01:00, 2025-04-25T10:00:00+01:00
0.010000, 2025-04-25T10:00:00+01:00, 2025-04-25T10:30:00+01:00
0.009000, 2025-04-25T10:30:00+01:00, 2025-04-25T11:00:00+01:00
0.009000, 2025-04-25T11:00:00+01:00, 2025-04-25T11:30:00+01:00
0.011000, 2025-04-25T11:30:00+01:00, 2025-04-25T12:00:00+01:00
0.011000, 2025-04-25T12:00:00+01:00, 2025-04-25T12:30:00+01:00
0.009000, 2025-04-25T12:30:00+01:00, 2025-04-25T13:00:00+01:00
0.009000, 2025-04-25T13:00:00+01:00, 2025-04-25T13:30:00+01:00
0.009000, 2025-04-25T13:30:00+01:00, 2025-04-25T14:00:00+01:00
0.010000, 2025-04-25T14:00:00+01:00, 2025-04-25T14:30:00+01:00
0.019000, 2025-04-25T14:30:00+01:00, 2025-04-25T15:00:00+01:00
0.023000, 2025-04-25T15:00:00+01:00, 2025-04-25T15:30:00+01:00
0.010000, 2025-04-25T15:30:00+01:00, 2025-04-25T16:00:00+01:00
0.012000, 2025-04-25T16:00:00+01:00, 2025-04-25T16:30:00+01:00
0.029000, 2025-04-25T16:30:00+01:00, 2025-04-25T17:00:00+01:00
0.009000, 2025-04-25T17:00:00+01:00, 2025-04-25T17:30:00+01:00
0.010000, 2025-04-25T17:30:00+01:00, 2025-04-25T18:00:00+01:00
0.009000, 2025-04-25T18:00:00+01:00, 2025-04-25T18:30:00+01:00
0.009000, 2025-04-25T18:30:00+01:00, 2025-04-25T19:00:00+01:00
0.014000, 2025-04-25T19:00:00+01:00, 2025-04-25T19:30:00+01:00
0.008000, 2025-04-25T19:30:00+01:00, 2025-04-25T20:00:00+01:00
0.008000, 2025-04-25T20:00:00+01:00, 2025-04-25T20:30:00+01:00
0.007000, 2025-04-25T20:30:00+01:00, 2025-04-25T21:00:00+01:00
0.007000, 2025-04-25T21:00:00+01:00, 2025-04-25T21:30:00+01:00
0.016000, 2025-04-25T21:30:00+01:00, 2025-04-25T22:00:00+01:00
0.014000, 2025-04-25T22:00:00+01:00, 2025-04-25T22:30:00+01:00
0.007000, 2025-04-25T22:30:00+01:00, 2025-04-25T23:00:00+01:00
0.008000, 2025-04-25T23:00:00+01:00, 2025-04-25T23:30:00+01:00
0.006000, 2025-04-25T23:30:00+01:00, 2025-04-26T00:00:00+01:00
0.007000, 2025-04-26T00:00:00+01:00, 2025-04-26T00:30:00+01:00
0.972000, 2025-04-26T00:30:00+01:00, 2025-04-26T01:00:00+01:00
0.998000, 2025-04-26T01:00:00+01:00, 2025-04-26T01:30:00+01:00
1.014000, 2025-04-26T01:30:00+01:00, 2025-04-26T02:00:00+01:00
0.974000, 2025-04-26T02:00:00+01:00, 2025-04-26T02:30:00+01:00
0.976000, 2025-04-26T02:30:00+01:00, 2025-04-26T03:00:00+01:00
1.006000, 2025-04-26T03:00:00+01:00, 2025-04-26T03:30:00+01:00
1.021000, 2025-04-26T03:30:00+01:00, 2025-04-26T04:00:00+01:00
0.977000, 2025-04-26T04:00:00+01:00, 2025-04-26T04:30:00+01:00
0.851000, 2025-04-26T04:30:00+01:00, 2025-04-26T05:00:00+01:00
0.136000, 2025-04-26T05:00:00+01:00, 2025-04-26T05:30:00+01:00
0.008000, 2025-04-26T05:30:00+01:00, 2025-04-26T06:00:00+01:00
0.007000, 2025-04-26T06:00:00+01:00, 2025-04-26T06:30:00+01:00
0.008000, 2025-04-26T06:30:00+01:00, 2025-04-26T07:00:00+01:00
0.021000, 2025-04-26T07:00:00+01:00, 2025-04-26T07:30:00+01:00
0.032000, 2025-04-26T07:30:00+01:00, 2025-04-26T08:00:00+01:00
0.022000, 2025-04-26T08:00:00+01:00, 2025-04-26T08:30:00+01:00
0.010000, 2025-04-26T08:30:00+01:00, 2025-04-26T09:00:00+01:00
0.020000, 2025-04-26T09:00:00+01:00, 2025-04-26T09:30:00+01:00
0.009000, 2025-04-26T09:30:00+01:00, 2025-04-26T10:00:00+01:00
0.008000, 2025-04-26T10:00:00+01:00, 2025-04-26T10:30:00+01:00
0.010000, 2025-04-26T10:30:00+01:00, 2025-04-26T11:00:00+01:00
0.014000, 2025-04-26T11:00:00+01:00, 2025-04-26T11:30:00+01:00
0.012000, 2025-04-26T11:30:00+01:00, 2025-04-26T12:00:00+01:00
0.009000, 2025-04-26T12:00:00+01:00, 2025-04-26T12:30:00+01:00
0.009000, 2025-04-26T12:30:00+01:00, 2025-04-26T13:00:00+01:00
0.008000, 2025-04-26T13:00:00+01:00, 2025-04-26T13:30:00+01:00
0.009000, 2025-04-26T13:30:00+01:00, 2025-04-26T14:00:00+01:00
0.010000, 2025-04-26T14:00:00+01:00, 2025-04-26T14:30:00+01:00
0.020000, 2025-04-26T14:30:00+01:00, 2025-04-26T15:00:00+01:00
0.011000, 2025-04-26T15:00:00+01:00, 2025-04-26T15:30:00+01:00
0.009000, 2025-04-26T15:30:00+01:00, 2025-04-26T16:00:00+01:00
0.011000, 2025-04-26T16:00:00+01:00, 2025-04-26T16:30:00+01:00
0.010000, 2025-04-26T16:30:00+01:00, 2025-04-26T17:00:00+01:00
0.011000, 2025-04-26T17:00:00+01:00, 2025-04-26T17:30:00+01:00
0.009000, 2025-04-26T17:30:00+01:00, 2025-04-26T18:00:00+01:00
0.008000, 2025-04-26T18:00:00+01:00, 2025-04-26T18:30:00+01:00
0.008000, 2025-04-26T18:30:00+01:00, 2025-04-26T19:00:00+01:00
0.009000, 2025-04-26T19:00:00+01:00, 2025-04-26T19:30:00+01:00
0.008000, 2025-04-26T19:30:00+01:00, 2025-04-26T20:00:00+01:00
0.008000, 2025-04-26T20:00:00+01:00, 2025-04-26T20:30:00+01:00
0.008000, 2025-04-26T20:30:00+01:00, 2025-04-26T21:00:00+01:00
0.008000, 2025-04-26T21:00:00+01:00, 2025-04-26T21:30:00+01:00
0.009000, 2025-04-26T21:30:00+01:00, 2025-04-26T22:00:00+01:00
0.008000, 2025-04-26T22:00:00+01:00, 2025-04-26T22:30:00+01:00
0.006000, 2025-04-26T22:30:00+01:00, 2025-04-26T23:00:00+01:00
0.007000, 2025-04-26T23:00:00+01:00, 2025-04-26T23:30:00+01:00
0.007000, 2025-04-26T23:30:00+01:00, 2025-04-27T00:00:00+01:00
0.007000, 2025-04-27T00:00:00+01:00, 2025-04-27T00:30:00+01:00
0.975000, 2025-04-27T00:30:00+01:00, 2025-04-27T01:00:00+01:00
1.010000, 2025-04-27T01:00:00+01:00, 2025-04-27T01:30:00+01:00
1.007000, 2025-04-27T01:30:00+01:00, 2025-04-27T02:00:00+01:00
0.977000, 2025-04-27T02:00:00+01:00, 2025-04-27T02:30:00+01:00
0.979000, 2025-04-27T02:30:00+01:00, 2025-04-27T03:00:00+01:00
1.005000, 2025-04-27T03:00:00+01:00, 2025-04-27T03:30:00+01:00
0.855000, 2025-04-27T03:30:00+01:00, 2025-04-27T04:00:00+01:00
0.112000, 2025-04-27T04:00:00+01:00, 2025-04-27T04:30:00+01:00
0.116000, 2025-04-27T04:30:00+01:00, 2025-04-27T05:00:00+01:00
0.119000, 2025-04-27T05:00:00+01:00, 2025-04-27T05:30:00+01:00
0.007000, 2025-04-27T05:30:00+01:00, 2025-04-27T06:00:00+01:00
0.007000, 2025-04-27T06:00:00+01:00, 2025-04-27T06:30:00+01:00
0.008000, 2025-04-27T06:30:00+01:00, 2025-04-27T07:00:00+01:00
0.009000, 2025-04-27T07:00:00+01:00, 2025-04-27T07:30:00+01:00
0.019000, 2025-04-27T07:30:00+01:00, 2025-04-27T08:00:00+01:00
0.024000, 2025-04-27T08:00:00+01:00, 2025-04-27T08:30:00+01:00
0.019000, 2025-04-27T08:30:00+01:00, 2025-04-27T09:00:00+01:00
0.009000, 2025-04-27T09:00:00+01:00, 2025-04-27T09:30:00+01:00
0.012000, 2025-04-27T09:30:00+01:00, 2025-04-27T10:00:00+01:00
0.008000, 2025-04-27T10:00:00+01:00, 2025-04-27T10:30:00+01:00
0.009000, 2025-04-27T10:30:00+01:00, 2025-04-27T11:00:00+01:00
0.013000, 2025-04-27T11:00:00+01:00, 2025-04-27T11:30:00+01:00
0.015000, 2025-04-27T11:30:00+01:00, 2025-04-27T12:00:00+01:00
0.010000, 2025-04-27T12:00:00+01:00, 2025-04-27T12:30:00+01:00
0.008000, 2025-04-27T12:30:00+01:00, 2025-04-27T13:00:00+01:00
0.008000, 2025-04-27T13:00:00+01:00, 2025-04-27T13:30:00+01:00
0.015000, 2025-04-27T13:30:00+01:00, 2025-04-27T14:00:00+01:00
0.014000, 2025-04-27T14:00:00+01:00, 2025-04-27T14:30:00+01:00
0.015000, 2025-04-27T14:30:00+01:00, 2025-04-27T15:00:00+01:00
0.007000, 2025-04-27T15:00:00+01:00, 2025-04-27T15:30:00+01:00
0.009000, 2025-04-27T15:30:00+01:00, 2025-04-27T16:00:00+01:00
0.011000, 2025-04-27T16:00:00+01:00, 2025-04-27T16:30:00+01:00
0.017000, 2025-04-27T16:30:00+01:00, 2025-04-27T17:00:00+01:00
0.018000, 2025-04-27T17:00:00+01:00, 2025-04-27T17:30:00+01:00
0.009000, 2025-04-27T17:30:00+01:00, 2025-04-27T18:00:00+01:00
0.008000, 2025-04-27T18:00:00+01:00, 2025-04-27T18:30:00+01:00
0.009000, 2025-04-27T18:30:00+01:00, 2025-04-27T19:00:00+01:00
0.010000, 2025-04-27T19:00:00+01:00, 2025-04-27T19:30:00+01:00
0.009000, 2025-04-27T19:30:00+01:00, 2025-04-27T20:00:00+01:00
0.018000, 2025-04-27T20:00:00+01:00, 2025-04-27T20:30:00+01:00
0.009000, 2025-04-27T20:30:00+01:00, 2025-04-27T21:00:00+01:00
0.016000, 2025-04-27T21:00:00+01:00, 2025-04-27T21:30:00+01:00
0.007000, 2025-04-27T21:30:00+01:00, 2025-04-27T22:00:00+01:00
0.007000, 2025-04-27T22:00:00+01:00, 2025-04-27T22:30:00+01:00
0.004000, 2025-04-27T22:30:00+01:00, 2025-04-27T23:00:00+01:00
0.005000, 2025-04-27T23:00:00+01:00, 2025-04-27T23:30:00+01:00
0.004000, 2025-04-27T23:30:00+01:00, 2025-04-28T00:00:00+01:00
0.006000, 2025-04-28T00:00:00+01:00, 2025-04-28T00:30:00+01:00
2.818000, 2025-04-28T00:30:00+01:00, 2025-04-28T01:00:00+01:00
2.877000, 2025-04-28T01:00:00+01:00, 2025-04-28T01:30:00+01:00
2.859000, 2025-04-28T01:30:00+01:00, 2025-04-28T02:00:00+01:00
2.843000, 2025-04-28T02:00:00+01:00, 2025-04-28T02:30:00+01:00
2.863000, 2025-04-28T02:30:00+01:00, 2025-04-28T03:00:00+01:00
2.903000, 2025-04-28T03:00:00+01:00, 2025-04-28T03:30:00+01:00
2.265000, 2025-04-28T03:30:00+01:00, 2025-04-28T04:00:00+01:00
1.204000, 2025-04-28T04:00:00+01:00, 2025-04-28T04:30:00+01:00
0.424000, 2025-04-28T04:30:00+01:00, 2025-04-28T05:00:00+01:00
0.242000, 2025-04-28T05:00:00+01:00, 2025-04-28T05:30:00+01:00
0.027000, 2025-04-28T05:30:00+01:00, 2025-04-28T06:00:00+01:00
0.012000, 2025-04-28T06:00:00+01:00, 2025-04-28T06:30:00+01:00
0.014000, 2025-04-28T06:30:00+01:00, 2025-04-28T07:00:00+01:00
0.008000, 2025-04-28T07:00:00+01:00, 2025-04-28T07:30:00+01:00
0.005000, 2025-04-28T07:30:00+01:00, 2025-04-28T08:00:00+01:00
0.010000, 2025-04-28T08:00:00+01:00, 2025-04-28T08:30:00+01:00
0.015000, 2025-04-28T08:30:00+01:00, 2025-04-28T09:00:00+01:00
0.008000, 2025-04-28T09:00:00+01:00, 2025-04-28T09:30:00+01:00
0.008000, 2025-04-28T09:30:00+01:00, 2025-04-28T10:00:00+01:00
0.008000, 2025-04-28T10:00:00+01:00, 2025-04-28T10:30:00+01:00
0.008000, 2025-04-28T10:30:00+01:00, 2025-04-28T11:00:00+01:00
0.008000, 2025-04-28T11:00:00+01:00, 2025-04-28T11:30:00+01:00
0.009000, 2025-04-28T11:30:00+01:00, 2025-04-28T12:00:00+01:00
0.009000, 2025-04-28T12:00:00+01:00, 2025-04-28T12:30:00+01:00
0.010000, 2025-04-28T12:30:00+01:00, 2025-04-28T13:00:00+01:00
0.009000, 2025-04-28T13:00:00+01:00, 2025-04-28T13:30:00+01:00
0.009000, 2025-04-28T13:30:00+01:00, 2025-04-28T14:00:00+01:00
0.007000, 2025-04-28T14:00:00+01:00, 2025-04-28T14:30:00+01:00
0.000000, 2025-04-28T14:30:00+01:00, 2025-04-28T15:00:00+01:00
0.007000, 2025-04-28T15:00:00+01:00, 2025-04-28T15:30:00+01:00
0.008000, 2025-04-28T15:30:00+01:00, 2025-04-28T16:00:00+01:00
0.013000, 2025-04-28T16:00:00+01:00, 2025-04-28T16:30:00+01:00
0.009000, 2025-04-28T16:30:00+01:00, 2025-04-28T17:00:00+01:00
0.030000, 2025-04-28T17:00:00+01:00, 2025-04-28T17:30:00+01:00
0.008000, 2025-04-28T17:30:00+01:00, 2025-04-28T18:00:00+01:00
0.011000, 2025-04-28T18:00:00+01:00, 2025-04-28T18:30:00+01:00
0.007000, 2025-04-28T18:30:00+01:00, 2025-04-28T19:00:00+01:00
0.007000, 2025-04-28T19:00:00+01:00, 2025-04-28T19:30:00+01:00
0.010000, 2025-04-28T19:30:00+01:00, 2025-04-28T20:00:00+01:00
0.009000, 2025-04-28T20:00:00+01:00, 2025-04-28T20:30:00+01:00
0.007000, 2025-04-28T20:30:00+01:00, 2025-04-28T21:00:00+01:00
0.006000, 2025-04-28T21:00:00+01:00, 2025-04-28T21:30:00+01:00
0.005000, 2025-04-28T21:30:00+01:00, 2025-04-28T22:00:00+01:00
0.004000, 2025-04-28T22:00:00+01:00, 2025-04-28T22:30:00+01:00
0.004000, 2025-04-28T22:30:00+01:00, 2025-04-28T23:00:00+01:00
0.005000, 2025-04-28T23:00:00+01:00, 2025-04-28T23:30:00+01:00
0.005000, 2025-04-28T23:30:00+01:00, 2025-04-29T00:00:00+01:00
0.004000, 2025-04-29T00:00:00+01:00, 2025-04-29T00:30:00+01:00
2.817000, 2025-04-29T00:30:00+01:00, 2025-04-29T01:00:00+01:00
